user_id,total_folder_selections,different_folders_used,days_active_selecting,most_used_folder
RZ331874,624,13,2,Arbeidsvoorwaarden
RY932140,411,27,1,05.0 Historie
RZ208558,326,8,2,Persoonlijk
IC254817,246,4,2,Salaris
RU340091,217,8,1,Arbeidsvoorwaarden
RZ180496,214,8,2,Persoonlijk
RX422190,211,7,2,Dienstverband
RY628824,199,4,2,Medewerker dossier
RQ868666,180,11,2,Opleidingen
IC152940,172,4,2,Persoonlijke ontwikkeling en functioneren
RZ317578,130,2,2,Medewerker dossier
RZ349495,123,25,2,Overeenkomsten
RZ250658,116,17,2,1. Persoonsgegevens
RZ242259,111,12,2,Dienstverband
RQ346307,99,9,2,Arbeidsvoorwaarden
RY862694,91,11,2,01.1 Formele documenten
RO728943,89,6,2,Arbeidsovereenkomst
RO536473,85,6,2,Persoonlijk
RO945231,85,5,2,Aanstelling en benoeming
RP786763,84,5,2,Importopdrachten
RY153570,81,28,2,Medewerker dossier
RZ322365,80,12,2,2. Arbeidsvoorwaarden
IC140677,79,4,2,Persoonlijk
UA007581,77,5,2,Inzetbaarheid
IC251430,75,6,2,Medewerker dossier
RP432863,75,5,1,1.1) Indiensttreding
IC230839,69,7,2,Arbeidsvoorwaarden
RY148065,68,5,1,Aanstelling en Benoeming
RZ265801,68,5,2,Arbeidsvoorwaarden
RY952360,67,8,2,Persoonlijk
RY1005611,67,6,1,Historie
RV789881,64,3,2,Medewerker dossier
IC217961,64,9,1,Loopbaan
RY650124,64,12,1,Opleiding en vorming
RZ225252,64,15,2,Persoonsgegevens
RX362699,63,1,2,Medewerker dossier
RY1005539,62,11,2,Sollicitatie indiensttreding
RX223649,60,6,2,Overeenkomsten
RY651844,60,5,2,Arbeidsvoorwaarden
RO535754,59,6,2,Arbeidsvoorwaarden
RO603554,58,6,2,Opleidingen
RY913551,58,7,2,Persoonlijke ontwikkeling en functioneren
RZ176842,57,1,2,Medewerker dossier
RO217127,56,4,1,Functie en Functioneren
RT936314,56,9,2,Arbeidsvoorwaarden
RV418433,55,7,1,Loopbaanontwikkeling
RO1029975,54,5,1,01 Indiensttreding
RX333522,53,17,2,Salaris
RT187424,53,6,2,Medewerker dossier
RQ865554,52,8,2,Arbeidsovereenkomsten
RV609042,52,2,1,Medewerker dossier
RZ247420,52,5,1,Medewerker dossier
RV344229,50,6,2,Arbeidsvoorwaarden
RY868181,50,8,1,01.1 Formele documenten
RQ345584,50,5,1,Arbeidsvoorwaarden
RY501609,49,32,1,Gebruikersovereenkomsten
RZ327135,49,14,2,Persoonsgegevens
RY541328,48,7,2,Arbeidsvoorwaarden
RV328679,48,1,1,Medewerker dossier
RT936312,48,6,2,Arbeidsvoorwaarden
RY992264,47,3,2,02.1 Arbeidsovereenkomst
IC144021,47,3,1,Medewerker dossier
RY906057,47,3,1,Arbeidsvoorwaarden
RZ317970,46,8,2,Functioneren en loopbaan
RU688656,46,3,2,Salarisgegevens
IC132270,46,7,2,Secundaire arbeidsvoorwaarden
RZ265488,45,10,2,Medewerker dossier
IC108409,45,7,2,Aanstelling en arbeidsvoorwaarden
RW754632,44,6,2,Persoonlijk
RY620179,44,4,1,Loopbaan / personeelsontwikkeling
RX815375,44,8,2,Loopbaan en opleiding
RZ141916,43,7,1,"Diploma's, certificaten en getuigschriften"
RO523843,43,10,1,Loopbaan/Functie
RW217956,43,8,2,Persoonsgegevens
RY247959,42,9,2,Opleiding loopbaan Persoonlijke ontwikkeling
RY862322,42,18,2,05.3 Opleidingen
RO857739,42,32,2,- Contracten
RO864156,41,8,2,Arbeidsvoorwaarden
RX455728,41,10,1,Salaris
RY962610,41,21,2,01.1 Formele documenten
RX333447,40,16,1,Ontslag
RY890866,40,17,1,02.1 Arbeidsovereenkomst
IC229245,40,4,2,Arbeidsvoorwaarden
RY478866,40,7,1,Medewerker dossier
RY601588,39,5,1,Functioneren en ontwikkelen
RY1005638,39,24,2,Sollicitatie indiensttreding
RX871226,39,12,2,Medewerker dossier
RY903861,39,1,2,Medewerker dossier
RO523801,38,9,2,Loopbaan/Functie
RZ336745,38,6,2,Persoonlijke ontwikkeling en functioneren
RS514060,38,6,2,Loopbaan
RO963476,37,4,2,Medewerker dossier
RY860908,37,8,2,Medewerker dossier
RX630961,37,6,2,Personeelsdossier
RY114679,37,6,2,Arbeidsvoorwaarden
RT337404,36,8,1,Aanstelling en Rechtspositie
RP136161,36,4,1,Arbeidsvoorwaarden
UA009787,36,14,2,Persoonlijk
RV924363,36,7,1,Loopbaan / personeelsontwikkeling
IC203507,35,6,2,Medewerker dossier
RY197684,35,9,1,Salaris
IC251197,35,8,1,Arbeidsvoorwaarden
RZ275384,35,7,1,Medewerker dossier
RY831798,35,5,2,Arbeidsvoorwaarden
RX345785,34,7,2,Arbeidsvoorwaarden
RP310817,34,8,1,Medewerkergegevens
RZ141111,33,4,1,Arbeidsovereenkomst
RW774222,33,4,1,Arbeidsvoorwaarden
IC296361,33,7,2,Flex Benefits
IC284698,33,8,1,Indiensttreding
UA000545,33,8,1,Medewerker dossier
RY512987,32,24,1,05.3 Opleidingen
IC251427,32,4,2,Loopbaan en opleiding
RZ245945,32,9,2,Opleidingen
RY459854,32,8,1,UWV Correspondentie
IC196881,32,8,2,Opleiding & Ontwikkeling
UA006266,32,3,2,Opleiding
RO660609,32,3,1,Functioneren
RZ308152,31,3,1,Functie en Functioneren
RZ306485,31,13,1,Aanstelling en dienstverband
RO654379,31,6,2,Aanstelling en Rechtspositie
RX550922,31,2,1,Arbeidsvoorwaarden
RZ215924,30,5,2,Arbeidsovereenkomst
RU416641,30,8,2,Ontwikkeling
RU101975,30,13,2,Ontwikkeling en Opleiding
RY890736,30,21,1,01.1 Formele documenten
RP581823,30,11,2,Verzuim
RZ308209,30,8,1,7. Verzuimhistorie
RO644257,30,1,2,Medewerker dossier
RY239925,30,4,2,Secundaire arbeidsvoorwaarden
RO685344,29,7,2,Persoonlijk
RY892276,29,5,2,Arbeidsvoorwaarden
RO177875,29,4,2,Arbeidsovereenkomst en -voorwaarden mdw in loondie
RY457745,29,4,2,Arbeidsvoorwaarden
UA009427,29,1,2,Medewerker dossier
RU202860,29,4,1,CLM
RZ278039,29,12,1,Arbeidsovereenkomst
RX872245,29,9,1,Loopbaan/Functie
RZ329452,29,8,1,Medewerker dossier
RX322855,29,4,2,Arbeidsvoorwaarden
IC187288,28,3,1,Arbeidsvoorwaarden
RZ283710,28,10,1,Salaris
IC160123,28,3,2,Medewerker dossier
RX764383,28,2,2,Medewerker dossier
IC258788,28,7,1,Arbeidsvoorwaarden
RY984793,28,3,1,Verlof
RY407304,27,2,2,Functioneren/Ontwikkeling
RP213038,27,4,2,Medewerker dossier
IC192494,27,2,1,Dienstverbanden
RQ384302,27,3,1,Arbeidsvoorwaarden
UA001863,27,3,2,Medewerker dossier
RY997661,27,12,1,Arbeidsovereenkomst
RX826755,26,7,2,Verlof
RQ946546,26,12,1,In dienst
RV589390,26,10,1,Arbeidsvoorwaarden
RW774792,26,13,1,01. Dienstverband
RY962693,26,25,1,01 Persoonlijk
RX521048,26,6,2,Arbeidsvoorwaarden
RY200599,26,3,2,Medewerker dossier
RQ147863,26,6,2,Medewerker dossier
IC237398,26,9,1,Functioneren & loopbaan
RO603627,25,1,2,Medewerker dossier
IC290930,25,9,2,Persoonlijk
RZ246448,25,7,1,Persoonlijk
RY369986,25,4,2,Medewerker dossier
IC247163,25,6,2,Diversen
RY858751,25,7,1,Meerkeuzesysteem arbeidsvoorwaarden
RZ326188,25,15,1,Oud dossier Heerlen (voor 2017)
IC248812,25,6,1,Arbeidsvoorwaarden
RQ487578,24,8,1,Persoonlijk
RP851293,24,5,1,Flexibele arbeidsvoorwaarden
RY961753,24,4,1,Persoonlijk
RQ393760,24,9,1,Persoonsgegevens
RO175811,24,6,2,Arbeidsovereenkomst en -voorwaarden mdw in loondie
RZ249938,24,5,1,Arbeidsvoorwaarden
RX780932,24,6,2,Arbeidsvoorwaarden
RV421002,24,3,1,Verlof
RY186137,24,8,1,8. Meerkeuzesysteem/WKR
RY1003363,24,12,1,Persoonlijk
IC140082,23,4,1,Aanstelling en Benoeming
RX295117,23,8,2,Arbeidsvoorwaarden
RZ215880,23,7,1,Arbeidsvoorwaarden
RO519804,23,7,2,Arbeidsvoorwaarden
IC199787,23,3,1,Inzetbaarheid
RY1005641,23,23,1,Arbo
RZ264168,23,3,2,Medewerker dossier
IC251438,23,5,2,Medewerker dossier
RS295440,23,3,1,01 Indiensttreding
RY653151,23,7,2,Contracten
RY853226,22,5,1,Kwaliteitsregistraties
UA009933,22,11,1,Loopbaan
RX932436,22,4,2,Loopbaan / personeelsontwikkeling
RX329682,22,7,1,"ABP, UWV, PWRI"
IC134671,22,7,1,Persoonlijk
RO480700,22,7,2,Dienstverband
RY584648,22,8,2,Contract & arbeidsvoorwaarden
IC238734,22,11,1,Medewerker dossier
IC255897,22,9,2,Medewerker dossier
RO623535,22,3,2,Correspondentie
IC251437,22,4,2,Medewerker dossier
RZ306699,22,12,1,Medewerker dossier
RY1002948,21,9,1,Persoonlijk
RX764378,21,7,2,Arbeidsvoorwaarden
RO741556,21,8,2,Arbeidsvoorwaarden
RV472074,21,4,2,Medewerker dossier
RZ288168,21,11,1,2. Arbeidsvoorwaarden
IC208299,21,3,2,Verlof
RY493478,21,12,1,Functioneren en ontwikkelen
IC253791,21,1,1,Verlof
IC209151,21,7,1,Einde dienstverband
RZ207351,21,8,1,Verzuim
RV622478,21,4,1,Medewerker dossier
RY871794,21,15,1,01.1 Formele documenten
RY740039,21,9,2,Salaris
RV785372,21,12,1,Beoordeling/functioneren
RZ217959,21,5,1,Aanstelling/overeenkomst
IC178405,20,6,1,Aanstelling
RX369439,20,1,2,Medewerker dossier
RW816378,20,5,2,Dienstverband
RY903347,20,5,1,Vrijwilligersgegevens
IC207146,20,9,1,Aanstelling
RZ314936,20,8,1,Arbeidsovereenkomsten
RO287783,20,5,2,Arbeidsvoorwaarden
RX635283,20,1,1,Medewerker dossier
RP307564,20,4,1,Contracten / Arbeidsvoorwaarden
UA007358,20,6,1,Dienstongeval / Beroepsziekte
RO219479,20,2,1,Arbeidsvoorwaarden
RY956523,20,11,1,05.1 Gesprekkencyclus
RY701454,20,5,2,01. Dienstverband
RY990410,20,9,1,02.1 Arbeidsovereenkomst
RZ299728,20,6,1,Arbeidsvoorwaarden
RY154121,20,3,2,Medewerker dossier
RO828508,20,6,1,Arbeidsvoorwaarden
RO138220,19,2,2,Medewerker dossier
RP482981,19,9,1,Dienstverband
RU334036,19,1,2,Medewerker dossier
RZ246248,19,1,2,Arbeidsvoorwaarden
RX930458,19,3,1,Functioneren/Ontwikkeling
IC292656,19,1,1,Verlof
RY870354,19,15,1,Medewerker dossier
RT368917,19,12,2,Dienstverband
RY969390,19,3,2,Dienstverband
RY655694,19,4,1,Medewerker dossier
RX764386,19,4,1,Medewerker dossier
RU416247,19,5,2,Opleiding
RV961494,19,2,1,Medewerker dossier
RS637409,19,10,1,Verlof
IC112226,19,4,2,Medewerker dossier
RX127644,19,6,2,Verstreken bewaartermijn
RY394738,19,5,1,Persoonlijke ontwikkeling en functioneren
RY750634,19,2,2,Arbeidsvoorwaarden
IC282225,18,6,1,Dienstverband
RV656739,18,2,1,Medewerker dossier
RY139830,18,4,1,Loopbaan en Pers. ontwikkeling
RY675248,18,7,1,Personeelsdossier
RV450503,18,5,1,Loopbaanontwikkeling
RZ337723,18,1,1,Medewerker dossier
RY286518,18,9,2,Arbo
RQ490190,18,10,1,Medewerker dossier
RQ679496,18,6,1,Arbo en ziekteverzuim
RZ215990,18,2,2,Medewerker dossier
RX540946,18,9,1,Werkkostenregeling
RW776736,18,6,1,Medewerker dossier
RZ176280,18,11,2,Persoonlijk
RY1003200,18,10,1,Arbeidsvoorwaarden
UA005763,18,6,2,Dienstongeval / Beroepsziekte
RX303211,18,7,1,Persoonlijk
RY551442,18,2,1,Functionering
RY870748,18,8,1,Arbeidsvoorwaarden
RZ246633,18,9,1,Arbeidsvoorwaarden
RY243031,18,4,1,01. Dienstverband
RY991138,18,6,1,Arbeidsvoorwaarden
IC249091,18,1,1,Medewerker dossier
RY984800,18,10,1,Functioneren en loopbaan
RZ290015,17,8,1,"Bezwaar, klachten, hoger beroep"
RO974614,17,1,1,Dienstverbanden
RV645373,17,7,1,Persoonlijk
IC217713,17,1,2,Medewerker dossier
RY857098,17,15,1,02.1 Arbeidsovereenkomst
RX789096,17,6,1,Verstreken bewaartermijn
RX910135,17,3,1,Beoordeling/functioneren
RS457518,17,8,2,Primaire arbeidsvoorwaarden
RX333030,17,1,1,Medewerker dossier
RY821888,17,6,2,Arbeidsvoorwaarden
RY827969,17,9,1,Gedragscode
RY545809,17,3,2,Medewerker dossier
RP733149,17,6,1,Diversen
RV747194,17,9,2,Individuele afspraken
RX927955,17,5,2,Persoonlijk
RZ307836,17,13,2,Aanstelling/ontslag
RZ213595,17,8,1,Verlof
IC267577,17,3,1,Persoonlijke ontwikkeling
RZ324295,17,11,1,Persoonsgegevens
IC231300,17,4,2,Verblijfsvergunning
RY897987,17,4,2,Medewerker dossier
IC285518,17,1,2,Medewerker dossier
RO518153,17,8,2,Medewerker dossier
UA001727,17,9,1,Inzetbaarheid
RQ456941,17,10,1,Persoonlijk
RZ358807,17,13,1,Verstreken bewaartermijn
RZ287644,17,11,1,Arbeidsvoorwaarden
RW921944,17,5,2,Medewerker dossier
RW761075,17,5,2,Verlof
RQ406113,17,5,1,Secundaire arbeidsvoorwaarden
IC284958,17,7,2,Loopbaan
RZ179504,17,5,1,Medewerker dossier
RZ289901,17,10,1,Salaris
RQ101621,16,9,1,Voorselecties
RY618242,16,9,1,Medewerker dossier
RX277694,16,4,2,Arbeidsvoorwaarden
RY826299,16,11,1,Loopbaanontwikkeling
RY554259,16,5,1,Arbeidsvoorwaarden
RY495896,16,7,1,Dienstverband
RX635338,16,6,2,Functioneren/loopbaan
RY900882,16,10,1,Persoonlijk
IC194895,16,6,2,Salaris
IC159590,16,3,2,Salarisspecificatie / Jaaropgaaf
RY903328,16,11,1,"1. Arbeidsovereenkomst, doorstroom en ontslag"
RQ738661,16,8,1,Loopbaan en ontwikkeling
RZ261924,16,5,2,Medewerkersreis
RT130368,16,7,1,Arbeidsvoorwaarden
RO126644,16,6,2,Arbeidsovereenkomsten
RZ246380,16,9,2,02.1 Arbeidsovereenkomst
RO928306,16,9,1,Beoordeling/functioneren
RQ508519,16,8,1,Aanstelling
RY835838,16,4,2,Medewerker dossier
RZ325255,16,5,2,Persoonlijk
IC282292,16,9,1,Dienstverband
RV754723,16,4,1,Persoonlijk
RX587664,16,6,2,Dienstverband
RV508707,16,3,2,Medewerker dossier
RY273199,16,6,1,Persoonsgegevens
IC216627,16,9,1,Verstreken bewaartermijn
RS975884,16,11,1,Contract en aanstellingssgegevens
RP783440,16,8,2,Arbeidsvoorwaarden
RY584142,16,11,1,Aanstelling/overeenkomst
RZ101349,16,6,1,Persoonlijk
RZ213724,16,6,1,02.1 Arbeidsovereenkomst
UA000414,16,7,1,Einde dienstverband
RO984300,16,3,1,Aanstelling en benoeming
RY496009,16,7,1,Persoonlijk
IC286477,16,8,1,Dienstverbanden
RX328581,16,9,2,Dienstverband
IC275236,16,5,1,07 Verzuim
RY496094,16,5,2,Medewerker dossier
RV546104,16,2,1,Persoonsgegevens
RQ468751,15,10,1,Loopbaan
RY1005986,15,11,1,Werkmappen
IC257466,15,7,1,Arbeidsvoorwaarden
IC217924,15,7,1,Loopbaan
RY631792,15,6,2,Persoonlijk
RX563201,15,4,1,Opleiding & Ontwikkeling
RO679264,15,7,1,Arbeidsovereenkomst
RY653522,15,6,1,Medewerker dossier
RZ293339,15,10,1,Arbeidsovereenkomst
RQ492924,15,10,1,Archief ouder dan 01-01-2015
RO533436,15,10,1,Bonus/ gratificaties
RY866576,15,3,1,Medewerker dossier
RY502250,15,8,1,02. Indienst
RT187316,15,5,2,Medewerker dossier
RW523784,15,7,1,Bevoegdheid
RY782003,15,6,2,Arbeidsovereenkomsten
RT1003783,15,3,2,Contract & arbeidsvoorwaarden
RO729800,15,12,1,Verlof
IC132439,15,11,1,"1. Arbeidsovereenkomst, doorstroom en ontslag"
IC217201,15,11,1,Persoonlijk
RY268368,15,1,1,Medewerker dossier
IC280147,15,6,1,Loopbaan
RX915459,15,7,1,Loopbaan en Personeelsontwikkeling
IC210769,15,5,2,Prullenbak
RY997259,15,12,1,Persoonlijk
RY862593,15,2,1,05.4 Diploma en Certificaten
RY862695,15,5,2,02.1 Arbeidsovereenkomst
RY753606,15,8,1,Arbeidsvoorwaarden
UA008171,15,9,1,Diversen
RY687189,14,4,1,Persoonlijk
RO138161,14,4,1,Algemeen
RV450332,14,8,1,Arbeidsvoorwaarden
RY906004,14,8,1,Salaris
RY539302,14,14,1,Loopbaan / opleidingen
UA004497,14,8,1,Persoonlijk
IC139321,14,4,2,Overeenkomst
RY853647,14,9,1,Arbeidsvoorwaarden
IC260601,14,5,1,Arbeidsovereenkomst
IC204385,14,3,2,Verlof
RO224599,14,1,1,Carriereverloop
RQ390105,14,9,1,Arbeidsvoorwaarden
RX506641,14,8,1,Verlof
RX780891,14,4,2,Prullenbak
RO443969,14,5,1,Arbeidsvoorwaarden
RQ460595,14,8,1,Archief ouder dan 01-01-2015
RT328458,14,9,1,"Diploma's, certificaten en getuigschriften"
RY274824,14,13,1,Salaris
RY964362,14,6,1,Functioneren en loopbaan
RS711038,14,4,1,Aanstelling en arbeidsvoorwaarden
UA006575,14,2,1,Medewerker dossier
RS873603,14,9,1,Dienstverband
IC295239,14,10,1,Persoonsgegevens
RX325332,14,5,1,Salarisdocumenten
RZ139387,14,10,1,Secundaire arbeidsvoorwaarden
RY297674,14,11,1,Salaris
RQ267001,14,7,1,03. Dienstverband
RX511244,14,1,2,Medewerker dossier
RZ217228,14,1,2,Medewerker dossier
RO224390,14,2,2,Medewerker dossier
UA011777,13,12,1,Aanstelling
RT168561,13,4,1,Persoonlijk
RO216958,13,6,1,Medewerker dossier
IC193305,13,6,2,Functioneren
RX270979,13,3,1,Medewerker dossier
RX346402,13,5,1,2. Arbeidsvoorwaarden
IC103350,13,4,2,Persoonlijk
RX932295,13,8,1,Persoonlijk
IC185388,13,5,2,Persoonlijk
RX229203,13,5,1,Persoonsgegevens
RY245123,13,5,1,Diversen en bijzonderheden
UA008976,13,10,1,Medewerker dossier
UA005647,13,4,1,Dienstongeval / Beroepsziekte
RO518429,13,1,2,Schade en Ongevallen
RY588080,13,7,2,Persoonlijk
IC290336,13,5,2,Verzuim
RX916576,13,4,1,Medewerker dossier
RX472255,13,7,1,Persoonlijk
RT986224,13,4,1,Dienstverbandgegevens
RW625023,13,1,2,Medewerker dossier
IC273890,13,1,2,Verzuim
RY782449,13,8,2,Medewerker dossier
RZ336780,13,6,1,Functie en ontwikkeling
RZ205873,13,1,2,Arbeidsvoorwaarden
RX451596,13,9,1,Opleiding
RX396830,13,4,2,Medewerker dossier
IC204035,13,4,1,Einde dienstverband
RY867831,13,7,2,09 Ontslag
IC175246,13,6,1,Dienstverbanden
IC209142,13,6,1,Loopbaan
RW690429,13,11,1,Aanstellingsgegevens
RV644673,13,1,2,Medewerker dossier
IC217927,13,2,2,Medewerker dossier
RY798383,13,6,1,Verzuim
RY871083,13,5,2,Overige documenten
RQ591021,13,5,1,Arbeidsvoorwaarden
IC256860,13,3,2,Medewerker dossier
IC284692,13,3,1,Medewerker dossier
IC240266,13,3,1,Flex Benefits
RT948329,13,8,1,Verslag gesprekkencyclus
IC221878,12,1,2,Verlof
RO484653,12,2,1,Medewerker dossier
RY588333,12,2,2,Medewerker dossier
IC257468,12,3,1,Verlof
RY830799,12,7,1,Persoonlijk
IC246870,12,5,1,Verlof
IC217855,12,3,2,Opleiding/cursussen
RY997237,12,1,1,Medewerker dossier
RY625930,12,8,1,Medewerker dossier
RU637105,12,10,1,Arbeidsvoorwaarden
IC290871,12,6,1,Medewerker dossier
RO214268,12,1,1,Medewerker dossier
RZ252149,12,3,1,Arbeidsvoorwaarden
RZ206515,12,6,2,Functioneren / beoordelen
IC295519,12,6,2,Dienstverbanden
RY303082,12,5,1,2. Arbeidsvoorwaarden
RO287903,12,5,1,Persoonlijk
IC256752,12,3,1,Dienstongeval / Beroepsziekte
RP419881,12,6,1,Loopbaan / personeelsontwikkeling
RZ266791,12,6,1,Persoonlijk
RW496622,12,8,1,Inzetbaarheid
RO733233,12,2,2,Verlof
RQ531090,12,9,1,Persoonlijk
RY1034599,12,3,2,Medewerker dossier
RX135597,12,2,1,Persoonlijk
RP336825,12,3,1,08. Verlof
RQ889297,12,8,1,Verzuim
RY826203,12,8,1,Contracten/aov
RY822920,12,6,1,Persoonlijk
RY678565,12,4,1,Arbeidsvoorwaarden
RY584195,12,7,1,Contracten
RY992570,12,12,1,05.2 Persoonlijke ontwikkelingen
IC208282,12,3,1,Arbeidsvoorwaarden
RY342778,12,9,1,Indiensttreding
RQ346970,12,4,1,Persoonlijk
RU107301,12,10,1,Dienstverbandgegevens
RO393709,12,2,1,Medewerker dossier
RO337298,12,9,1,99. Historie
RV648271,12,7,1,Overeenkomsten
RY108875,12,9,1,Arbeidsomstandigheden
RQ531161,12,11,1,Persoonlijk
RY815217,12,7,2,Personeelsdossier
IC231270,12,4,1,Arbeidsvoorwaarden
RW744108,11,3,2,01. Dienstverband
RY991071,11,9,1,Loopbaan / personeelsontwikkeling
RY544009,11,7,1,Arbeidsvoorwaarden/belonen
RV477456,11,3,2,Arbeidsvoorwaarden
RO308749,11,4,2,Arbeidsvoorwaarden
RY909972,11,1,1,Scholing en diploma's
RS495174,11,3,2,Medewerker dossier
RY635477,11,8,1,Functies
RS437982,11,4,2,Verzuim
RO370143,11,3,1,02. Arbeidsvoorwaarden
RZ259363,11,8,1,Medewerker dossier
IC297234,11,6,1,Persoonsgegevens
RZ175616,11,7,1,Arbeidsvoorwaarden
RZ222445,11,5,1,Arbeidsovereenkomst
RY746287,11,3,1,Persoonlijk
RZ208880,11,3,1,Persoonlijk
RX764079,11,4,2,03. Gesprekscyclus
IC202706,11,3,1,Aanstelling en benoeming
RQ519773,11,5,1,Salaris
RO138022,11,8,1,Rechtspositie
RY689539,11,11,1,Verlof
RZ288047,11,2,2,Functiewaardering
RO985855,11,4,1,Dienstverbanden
RY967936,11,10,2,02.1 Arbeidsovereenkomst
RY232659,11,1,2,Medewerker dossier
RU123564,11,7,1,Oud dossier Heerlen (voor 2017)
RX939306,11,2,2,Dienstverband
RZ325210,11,3,1,Medewerker dossier
RY196970,11,2,1,Functionering
RY868178,11,3,2,05.3 Opleidingen
UA008029,11,3,1,Dienstongeval / Beroepsziekte
RZ215907,11,4,2,05.2 Persoonlijke ontwikkeling
RU123299,11,5,1,Arbeidsvoorwaarden
IC118451,11,4,1,Prullenbak
RQ702213,11,10,1,Verzuim/arbeidsongeschiktheid
RZ326872,11,9,1,Persoonlijk
RY634073,11,3,1,Dienstverband
RQ259044,11,7,2,Persoonlijk
RY701447,11,5,1,Functie en functioneren
RZ299807,11,8,1,Arbeidsvoorwaarden
RU402124,11,1,1,Medewerker dossier
RZ206569,11,2,2,Medewerker dossier
RY950644,11,9,1,Aanstellingsgegevens
RX353053,11,4,2,Arbo & Subsidie
RO777950,10,7,1,Functioneringsgesprekken en beoordelingen
IC244449,10,3,1,Medewerker dossier
RZ223631,10,1,2,Medewerker dossier
IC235023,10,3,1,Aanstelling
RP530657,10,4,2,Contracten
IC175786,10,3,2,Arbeidsvoorwaarden
RW912949,10,3,1,Verzuimhistorie
IC228022,10,8,1,Arbeidsvoorwaarden
RQ493499,10,9,1,Aanstelling
RX538974,10,9,1,Dienstverbanden
RP378961,10,8,2,Persoonlijk
RO389349,10,3,1,Arbeidsvoorwaarden
RY938150,10,9,2,02.1 Arbeidsovereenkomst
RZ259378,10,9,1,Personeelsdossier
RQ299005,10,5,1,Mobiliteit en loopbaanontwikkeling
RY189852,10,9,1,"1. Arbeidsovereenkomst, doorstroom en ontslag"
RZ285050,10,3,2,Medewerker dossier
RT418059,10,6,2,Arbeidsvoorwaarden
RV912849,10,3,1,Medewerker dossier
RZ319644,10,6,1,Persoonlijk
RW570866,10,5,1,Arbeidsvoorwaarden
RX635608,10,4,1,Arbeidsvoorwaarden
RZ172949,10,1,2,Medewerker dossier
RY496095,10,6,1,Persoonlijk
RO496362,10,4,1,Persoonsgegevens
RY984796,10,2,2,Arbeidsvoorwaarden
RZ307620,10,6,1,Persoonlijk
RX179315,10,2,2,Medewerker dossier
RY781292,10,7,1,Persoonlijk
RZ187031,10,3,1,Arbeidsvoorwaarden
IC268336,10,6,1,Persoonlijk
RY954779,10,6,1,Persoonsgegevens
RY506275,10,10,1,05.3 Opleidingen
RZ351577,10,5,1,Persoonlijke gegevens
RY1011319,10,6,1,Arbeidsvoorwaarden
RQ471426,10,1,1,Medewerker dossier
RW885639,10,6,1,Persoonlijk
RZ245000,10,6,2,Dienstverbanden
RU389639,10,3,1,Medewerker dossier
IC208321,10,10,1,Dienstongeval / Beroepsziekte
RO463032,10,7,1,Verlof
RZ289327,10,4,1,Secundaire arbeidsvoorwaarden
IC215398,10,4,2,2. Arbeidsvoorwaarden
RQ888420,10,6,1,Functiewaardering
RV594664,10,4,2,Ontwikkeling en Opleiding
IC238502,10,9,1,Dienstongeval / Beroepsziekte
RS432887,10,1,2,Medewerker dossier
RX522235,10,1,1,Loopbaan / opleidingen
UA000341,10,7,1,Loopbaan / personeelsontwikkeling
IC177117,10,3,2,Dienstverband
RX785627,10,4,1,Dienstverband
RX679747,10,7,1,Overeenkomsten
RX630721,10,3,1,Medewerker dossier
RX290308,10,8,1,Indicatie
RY1012075,10,4,1,Functionering
RU659329,10,8,1,Verzuim
RX264499,10,5,2,04 Beoordelen en functioneren
RP892619,10,2,1,Medewerker dossier
RO303147,10,3,1,Loopbaan / personeelsontwikkeling
RU110452,10,8,1,Salaris
RU465026,10,5,1,02 Loopbaan/arbeidsvoorwaarden
RY750391,10,1,1,Arbeidsovereenkomst
RX591271,10,7,1,Correspondentie
RZ272232,10,1,1,Medewerker dossier
RZ208821,10,7,1,Medewerker dossier
RZ278051,10,6,1,Arbeidsvoorwaarden
RY999261,10,6,1,Arbeidsvoorwaarden
RX763988,9,2,1,Aanstelling en Rechtspositie
RX593624,9,4,1,Arbeidsvoorwaarden
RS513928,9,6,1,Persoonlijk
IC209174,9,3,1,Inzetbaarheid
RY232043,9,5,1,Arbeidsovereenkomst
IC231642,9,6,1,Loopbaan
RV490726,9,2,2,Medewerker dossier
RZ313770,9,6,1,Verzekeringen
UA000238,9,6,1,Persoonlijk
RY853880,9,7,1,Arbeidsvoorwaarden
RQ491058,9,1,1,Medewerker dossier
IC236123,9,2,2,Medewerker dossier
RO858180,9,2,1,Medewerker dossier
RQ471216,9,6,1,Inzetbaarheid
RO732022,9,3,1,Arbeidsovereenkomst
RY649865,9,3,1,Arbeidsvoorwaarden
IC281686,9,3,2,Contracten/aov
RS998975,9,6,1,Arbeidsvoorwaarden
RQ134874,9,7,1,Salaris
RS820155,9,4,2,Arbeidsvoorwaarden
IC204755,9,7,1,Persoonlijk
RZ272887,9,3,2,Salaris
RZ269471,9,1,1,Medewerker dossier
RY984801,9,4,2,Functioneren en loopbaan
RX641036,9,8,1,Verzuim
RU125377,9,1,1,Medewerker dossier
RY187137,9,4,1,Medewerker dossier
RX526226,9,1,1,Medewerker dossier
RZ274836,9,5,2,Persoonlijk
UA006564,9,5,1,Arbeidsvoorwaarden
IC278076,9,3,1,Verzuim
RO364522,9,1,1,Medewerker dossier
RT168571,9,5,1,Persoonlijk
RY527991,9,6,2,Contracten
RQ470019,9,4,2,Persoonlijk
RZ207705,9,2,1,Persoonlijk en Overeenkomsten
RT352375,9,6,1,Salaris
RX448072,9,9,1,Voorselecties
RO127112,9,6,2,Arbeidsovereenkomsten
RY751617,9,4,1,Verzuim en Arbo
IC124700,9,7,1,Loopbaan-/personeelsontwikkeling
RX701598,9,4,1,Arbeidsvoorwaarden
RY478416,9,6,1,Arbeidsvoorwaarden
IC294390,9,1,1,Historisch PD tot 01-01-2020
RZ336692,9,6,1,Aanstelling en benoeming
IC296158,9,2,1,Arbeidsovereenkomst
RY364258,9,9,1,Verlof
RS884187,9,8,1,PNIL
RY962441,9,6,1,02 Arbeidsovereenkomst
RY935056,9,4,1,Loopbaan
UA006037,9,8,1,Dienstverbanden
RZ245007,9,7,1,Persoonsgegevens
RY780754,9,4,2,Medewerker dossier
RX620989,9,3,1,Medewerker dossier
RZ108802,9,2,2,Medewerker dossier
UA006284,9,2,1,Medewerker dossier
RZ138914,9,3,1,Dienstverband
IC238160,9,7,1,Loopbaan
RU675998,9,2,2,Medewerker dossier
RX252445,9,4,1,Persoonlijke ontwikkeling en functioneren
RY704872,9,7,1,Verzuim
RY962643,9,8,1,02.0 Historie
RY748604,9,6,1,Medewerker dossier
RX882506,9,6,1,Verzuim en arbo
RY907631,9,8,1,Persoonlijk
RX333351,9,3,1,Dienstverband
RW183735,9,4,1,Medewerker dossier
RY367406,9,5,1,Dienstverband
IC216342,9,2,1,Verlof
RZ218805,9,8,1,Functie
IC289596,9,5,1,Salaris
UA004512,9,7,1,Persoonlijk
RY588568,8,1,2,Medewerker dossier
RX294537,8,6,1,Medewerker dossier
RY503093,8,5,2,Salaris
IC294700,8,4,1,Diversen
RV856651,8,6,1,Functie en Functioneren
RY800302,8,4,1,03. Dienstverband
IC248363,8,2,1,Persoonsgegevens
RW606020,8,5,2,Dienstverband
RV388627,8,3,1,Functioneren
RP830570,8,3,2,Arbeidsvoorwaarden
RT116402,8,7,1,Arbeidsvoorwaarden
RZ224458,8,8,2,Medewerker dossier
RO989086,8,6,1,Functionering
RZ208269,8,7,1,Verlof
IC229276,8,1,2,Medewerker dossier
RW1022426,8,3,1,Arbeidsovereenkomsten
RY1002572,8,5,1,Functioneren en loopbaan
RV344523,8,5,1,Brieven
RV513252,8,4,2,Personeelsdossier
UA006666,8,3,1,Arbeidsvoorwaarden
RZ186987,8,8,1,06. Flex Benefits
IC280538,8,3,2,Arbeidsvoorwaarden
RP663934,8,3,1,Opleidingen
RZ216512,8,8,1,Verzuim
RZ176093,8,6,1,Beoordeling/functioneren
RY549151,8,8,1,Opleiding
RZ211997,8,5,1,Medewerker dossier
RX825748,8,7,1,Verloop dienstverband
RY962412,8,6,1,05.4 Diploma en Certificaten
RZ313931,8,4,2,Medewerker dossier
RY202869,8,5,1,Persoonlijk
RT994917,8,7,1,Arbeidsvoorwaarden
RX277344,8,6,1,Medewerker dossier
RQ566777,8,5,1,Persoonlijk
RZ184827,8,3,1,Arbeidsvoorwaarden
RO593550,8,7,1,Verzuim
IC240111,8,7,1,Indienst/wijzigingen/ontslag
RZ206841,8,8,1,Persoonsgegevens
RX377426,8,4,1,Persoonlijk
RQ654820,8,3,1,Aanstelling en Benoeming
RU599043,8,6,1,Salaris
IC219355,8,3,1,Medewerker dossier
RX295876,8,4,1,Arbeidsvoorwaarden
RZ315773,8,5,1,Arbeidsvoorwaarden
RX329688,8,2,1,Gesprekscyclus en -verslagen
RO551196,8,1,1,Medewerker dossier
RQ583206,8,6,1,Verlof
RY822481,8,5,1,"Diploma's, certificaten en getuigschriften"
RU479992,8,8,2,Verlof
RV575972,8,7,1,Dienstverband
RZ319835,8,5,1,Verlof
RY784469,8,6,1,1.1) Indiensttreding
RX865381,8,3,1,Aanstelling en dienstverband
IC232740,8,2,1,Importopdrachten
RQ405629,8,7,1,Primaire arbeidsvoorwaarden
RW653492,8,5,1,Arbeidsvoorwaarden
RX815092,8,3,2,Persoonlijk
RW779010,8,8,1,Loopbaan/Personeelsontwikkeling/functioneren
RZ213930,8,5,1,Dienstverband
RY1010843,8,2,1,Verlof
RY944246,8,4,1,"Aanstelling, indiensttreding en Ontslag"
RY741994,8,3,1,Persoonlijk
IC100655,8,8,1,Algemeen
RV472396,8,7,1,Persoonlijk
RX300483,8,5,1,Benoeming
UA001729,8,5,1,Persoonlijk
RY327196,7,1,2,Dienstverband
RZ325506,7,5,1,Einde arbeidsovereenkomst
RX916599,7,4,1,Persoonlijk
RZ134235,7,3,1,Persoonlijke gegevens
RU339849,7,4,2,Dienstverband
IC231263,7,3,1,Historie
RX362220,7,4,1,Opleidingen
RW819942,7,6,1,Persoonlijk
RX936566,7,3,2,Arbeidsvoorwaarden
RZ105956,7,5,2,Verlof
RQ257570,7,6,1,Aanstelling en Rechtspositie
RX391582,7,4,1,Medewerker dossier
RX928250,7,2,1,03. Gesprekscyclus
RY994184,7,4,1,"Diploma's, certificaten en getuigschriften"
RY238238,7,3,1,Medewerker dossier
RV395998,7,1,1,Arbeidsvoorwaarden
RX880268,7,2,2,Verlof
RY624425,7,4,1,Persoonlijk
UA011912,7,3,1,Arbeidsovereenkomst
RW170555,7,1,1,Diversen
RX502615,7,3,2,MKA
RQ143992,7,5,1,Arbeidsvoorwaarden
RY372423,7,5,1,Arbeidsvoorwaarden
RX730527,7,1,1,Medewerker dossier
RX277399,7,2,2,Medewerker dossier
RQ492494,7,2,1,Medewerker dossier
IC255298,7,5,1,Loopbaan
IC216246,7,7,1,Verlof
RW921851,7,1,1,Opleiding en studiefaciliteiten
RW597092,7,2,1,Arbeidsvoorwaarden
IC114957,7,2,1,Medewerker dossier
RW761237,7,5,2,Medewerker dossier
RY374584,7,1,1,Medewerker dossier
RZ133618,7,4,1,Persoonsgegevens
RY671379,7,3,1,Prullenbak
RQ249276,7,2,2,Medewerker dossier
IC277740,7,3,2,Medewerker dossier
RX605531,7,5,1,Ontwikkeling
RZ315209,7,3,1,Medewerker dossier
RT381119,7,5,1,Diensttijd en pensioen
RY1010489,7,3,1,Duurzaam inzetbaarheid
RT186712,7,2,1,5. Gespreksverslagen
RY866784,7,4,1,02.1 Arbeidsovereenkomst
RQ706479,7,4,1,Salaristroken en jaaropgaven
RX942278,7,5,1,Documenten indiensttreding
RO986282,7,6,1,Dienstverbanden
RY666911,7,2,2,Persoonlijk
RY649582,7,3,1,Arbeidsvoorwaarden
IC282040,7,5,2,Loopbaan
RQ891824,7,2,1,Medewerker dossier
RO172466,7,2,2,Medewerker dossier
IC150729,7,3,2,02. Indienst
IC224624,7,3,1,1. Persoonsgegevens
RT974376,7,5,1,Arbeidsovereenkomst
RP774356,7,4,2,Ziekteverzuim
RS1001989,7,1,2,Medewerker dossier
RO503117,7,5,1,Medewerker dossier
RZ337109,7,2,1,Medewerker dossier
RV804959,7,1,2,Medewerker dossier
RU493530,7,1,1,Dienstverbanden
RZ245769,7,6,1,Salaris
RY1001392,7,5,1,Persoonlijk
RZ268665,7,7,1,Leaseauto
RO389255,7,2,1,Loopbaan / personeelsontwikkeling
RZ275546,7,2,1,Medewerker dossier
RX721223,7,2,1,Dienstverband
IC242095,7,4,1,Dienstverband
IC244653,7,5,1,02 Arbeidsovereenkomst
RQ519536,7,7,1,Inzetbaarheid
RP441582,7,6,1,Persoonlijk
RT128496,6,5,2,Arbeidsvoorwaarden
RW896152,6,4,1,Indiensttreding
RV734818,6,1,1,Medewerker dossier
RX290564,6,6,1,Historie
RW1006770,6,2,1,Persoonlijk
RO650132,6,1,1,Loopbaan-/personeelsontwikkeling
RX813772,6,4,1,1) Arbeidsovereenkomsten
RY867828,6,4,1,04.1 Declaratie
RZ241998,6,1,1,Medewerker dossier
IC294735,6,6,1,Medewerker dossier
IC242092,6,3,2,Dienstverband
RY689522,6,5,1,Opleidingsgegevens
RU634661,6,2,1,Arbo & Subsidie
RO323584,6,1,1,Medewerker dossier
RY544433,6,4,1,Persoonlijk
RW774562,6,5,1,11. Persoonlijk
RO811584,6,6,1,Arbeidsvoorwaarden
RY908879,6,4,1,05.3 Opleidingen
RZ354117,6,6,1,Loopbaanontwikkeling
RV884302,6,2,1,Medewerker dossier
IC295027,6,3,1,Medewerker dossier
IC194828,6,4,1,Verstreken bewaartermijn
UA008446,6,4,1,Medewerker dossier
RY954737,6,3,1,Verzuim
RT127058,6,3,2,Medewerker dossier
IC110310,6,2,1,In-/uitdienst
RX610864,6,4,1,Persoonsgegevens
RP159973,6,5,1,Persoonsgegevens
IC195196,6,2,2,Medewerker dossier
RP482603,6,4,2,Dienstverband
RO177899,6,1,1,Medewerker dossier
IC295357,6,1,2,Medewerker dossier
RQ533028,6,3,1,Medewerker dossier
RT1032116,6,6,1,Persoonlijke documenten/Sollicitatie
RZ181446,6,2,1,Arbeidsvoorwaarden
RO338155,6,2,1,03. Dienstverband
RO858855,6,4,2,Medewerker dossier
RZ112451,6,5,1,Verlof
RY730979,6,3,1,Medewerker dossier
RO1003213,6,4,1,Indiensttreding
IC128107,6,4,1,01. Dienstverband
RY731152,6,1,1,Contracten
RY862264,6,6,1,Functioneren
RO367654,6,6,1,Salaris en Financiën
RW932216,6,1,1,Arbeidsovereenkomst en -voorwaarden mdw in loondie
RY419700,6,4,1,Persoonlijk
RY144869,6,4,1,Arbeidsvoorwaarden
RU508357,6,4,1,Persoonlijk
RO947092,6,3,1,Aanstelling en benoeming
RT953593,6,4,1,Arbeidsovereenkomsten
RZ103433,6,6,1,Verlof
RX764233,6,2,1,Medewerker dossier
RU389841,6,3,1,Aanstelling
RQ318909,6,2,1,Arbeidsvoorwaarden
RT318881,6,3,1,Arbeidsongeschiktheid
IC120970,6,4,1,Loopbaan / personeelsontwikkeling
RV446322,6,5,1,Dienstverband
RX113583,6,1,1,Medewerker dossier
IC217833,6,3,1,Medewerker dossier
RX290525,6,4,1,HRM
RY991702,6,3,1,02.1 Arbeidsovereenkomst
RW163884,6,3,1,Medewerker dossier
RZ308396,6,4,1,Medewerker dossier
RZ147169,6,6,1,Aanstelling en dienstverband
UA005379,6,3,1,Medewerker dossier
RU584115,6,4,1,Opleiding/cursussen
RT320015,6,2,1,Medewerker dossier
RZ212021,6,4,1,03.1 Salaris
RX313045,6,2,1,Medewerker dossier
RZ319579,6,5,1,Arbeidsvoorwaarden
RX544961,6,2,1,Nog te archiveren
IC269506,6,6,1,Arbeidsvoorwaarden
RP119623,6,2,1,Arbeidsvoorwaarden
RY498352,6,3,1,Arbeidsvoorwaarden
RT243296,6,2,1,Medewerker dossier
RY622155,6,4,1,Arbeidsvoorwaarden
RV818477,6,1,1,Medewerker dossier
RP137108,6,2,1,Persoonsgegevens
IC244173,6,2,1,Medewerker dossier
IC197463,6,4,1,Arbeidsvoorwaarden
RY992495,6,5,1,11 Overige aanvragen
RY1006893,6,4,1,Persoonlijke gegevens
RW654590,6,4,1,Persoonlijk
RZ319668,6,6,1,Overig
RY442337,6,5,1,Persoonlijke ontwikkeling en functioneren
RX669139,6,2,1,Stage BBL / BOL
RZ215554,6,5,1,Medewerker dossier
RV413419,6,3,1,Arbeidsvoorwaarden
RP808608,6,3,2,Aanstelling/arbeidsovereenkomst
IC285456,6,3,1,Dienstverband
RX480311,6,3,1,Arbeidsvoorwaarden
RO329850,6,3,1,02. Arbeidsvoorwaarden
RY786960,6,4,1,Opleiding en ontwikkeling
IC285469,6,2,1,Arbeidsvoorwaarden
RY290347,6,4,1,Persoonlijk
RY894873,6,3,1,Persoonsgegevens
RO915770,6,6,1,Salaris
RO746263,6,2,2,Arbeidsvoorwaarden
UA002094,6,4,1,Medewerker dossier
RZ222372,5,3,1,Arbeidsvoorwaarden
RZ208170,5,1,1,Medewerker dossier
RZ262866,5,3,1,Loopbaan/personeelsontwikkeling
IC285559,5,3,1,Importverslagen
RY984803,5,4,1,Historie
RX531873,5,3,2,Persoonlijke ontwikkeling en functioneren
RX537362,5,1,1,Arbeidsvoorwaarden
RZ279011,5,2,1,Aanstelling
RZ293268,5,3,1,Persoonlijke gegevens
RY934141,5,4,1,Persoonlijk
IC121159,5,4,1,Prullenbak
RY651764,5,3,2,Arbeidsvoorwaarden/belonen
RY109096,5,1,1,Ontwikkeling
RZ244843,5,3,1,Arbeidsvoorwaarden
RX910177,5,5,1,Verzuim Besluiten-beschikkingen
RY1010723,5,4,1,Medewerker dossier
RV601359,5,1,1,Medewerker dossier
RY704716,5,3,1,Persoonlijk
RP398484,5,1,1,Medewerker dossier
RS876815,5,3,1,Persoonlijk
RQ374066,5,3,1,Arbeidsvoorwaarden
UA004623,5,4,1,Arbeidsvoorwaarden
RX547709,5,2,1,01. Dienstverband
RZ214496,5,5,1,Opleiding
RY228470,5,4,1,Persoonsgegevens
RU124422,5,3,1,Persoonsgegevens
IC231227,5,3,1,Salaris
RO213938,5,3,1,Overeenkomsten
RQ469428,5,3,1,Aanstelling
RP369652,5,3,1,Persoonlijke gegevens
UA006573,5,1,1,Medewerker dossier
RO632674,5,4,1,Medewerker dossier
RP401964,5,4,1,Overeenkomsten
RP287884,5,2,2,01. Dienstverband
RY963239,5,3,1,Medewerker dossier
RY478344,5,4,1,Functioneren en ontwikkelen
RO303187,5,1,1,Medewerker dossier
RY863670,5,3,1,Overeenkomsten
IC201692,5,4,1,Salaris
RZ331827,5,5,1,Indiensttreding regulier
IC242901,5,4,1,Arbeidsvoorwaarden
RO681109,5,3,1,Persoonlijk
RP926367,5,3,1,Arbeidsvoorwaarden
RZ284344,5,4,1,Loopbaan en Personeelsontwikkeling
RX437829,5,2,1,Verlof
RQ513564,5,5,1,Loopbaan
RP851317,5,3,1,Aanstelling en Rechtspositie
UA004563,5,5,1,Opleiding/cursussen
RO632349,5,3,1,Loopbaan/Functie
RX767994,5,4,1,Leerdossier
RX776985,5,1,1,Medewerker dossier
RT948258,5,5,1,Aanstelling
RX226165,5,4,1,Documenthistorie rapportages
RX430049,5,3,1,Dienstverband
RZ331860,5,1,2,Medewerker dossier
RW902359,5,4,1,Medewerker dossier
IC254791,5,5,1,Diensttijd
RT319951,5,4,1,Persoonlijke gegevens
RY822993,5,3,1,Medewerker dossier
RQ659805,5,4,1,Opleidingen
RQ441914,5,3,1,Loopbaan/Functie
IC211299,5,3,1,Personeelsdossier
IC220462,5,4,1,Opleiding/cursussen
RX345632,5,3,1,Verlof
RY966049,5,3,1,03.1 Salaris
RO987915,5,3,1,Personeelsdossier
RT948326,5,4,1,Arbeidsovereenkomst
RX245011,5,3,2,Loopbaan en opleiding
RT207045,5,5,1,"Diploma's, certificaten en getuigschriften"
RY992406,5,2,1,02.1 Arbeidsovereenkomst
IC244481,5,1,1,01 Indiensttreding
RY935229,5,1,1,Medewerker dossier
RX563667,5,4,1,Arbeidsovereenkomst
RO104887,5,4,1,Persoonlijk
RV379417,5,5,1,Functieverloop
RX275697,5,3,1,Salaris
RY929437,5,3,1,Persoonlijk
RY867827,5,3,2,04.1 Declaratie
RS635423,5,2,1,Medewerker dossier
RV344232,5,1,2,Arbeidsvoorwaarden
RZ138908,5,2,1,Arbo & Subsidie
RZ173764,5,1,1,Medewerker dossier
RO323576,5,4,1,Functioneren
RX492708,5,4,1,Persoonlijk
RV356225,5,2,1,Arbeidsvoorwaarden
IC217761,5,1,1,Medewerker dossier
IC204639,5,2,2,Arbeidsvoorwaarden
IC255636,5,3,2,Persoonlijk
UA004089,5,5,1,Salaris
RQ484411,5,3,1,Archief ouder dan 01-01-2015
RQ529899,5,1,1,Medewerker dossier
RY707467,5,2,1,Medewerker dossier
IC106786,5,2,1,Salaris
RW573868,5,2,1,"1. Arbeidsovereenkomst, doorstroom en ontslag"
RQ459095,5,5,1,Opleiding/cursussen
RO339217,5,3,1,Verlof
RP820300,5,3,1,Persoonlijk
RY616912,5,4,1,Medewerker dossier
RZ246937,5,4,1,Salaris
RO738275,5,3,1,Gespreksverslagen
RP213196,5,3,1,Arbeidsvoorwaarden
RW743553,5,5,1,Functioneren
RX621172,5,4,1,Arbeidsvoorwaarden
IC266518,5,3,1,Divers
RZ211398,5,5,1,Salaris
RW901695,5,4,1,Medewerker dossier
RQ519801,5,4,1,Loopbaan
RY908436,5,2,1,Opleiding/Stage
RY732107,5,3,2,Dienstverband
RZ220986,5,3,1,Ontwikkeling
RX459974,5,2,1,Persoonlijk
RO580711,5,3,1,Arbeidsvoorwaarden
RX295836,5,1,2,Medewerker dossier
RW644271,5,2,1,6) Gespreksverslagen
RY902258,5,3,1,Loopbaan / personeelsontwikkeling
IC244349,5,3,1,Medewerker dossier
RY835545,5,5,1,Persoonsgegevens
RP672037,5,2,1,Medewerker dossier
RV608478,5,1,2,Dienstverband
RV916016,5,4,1,Loopbaan / personeelsontwikkeling
RO938544,5,3,1,Jaargesprek en functioneren
IC280516,5,1,2,Opleiding
RY475250,5,2,2,Persoonlijk
RZ213603,5,5,1,Toelagen en vergoedingen
RY1002798,5,4,1,Verlof
RO662650,5,4,1,Opleidingen
RT996202,5,5,1,Overig
RZ148243,5,3,1,Personalia
RZ338706,5,2,1,Persoonlijk
RY194110,5,1,1,Medewerker dossier
UA005490,5,4,1,Loopbaan
RW968253,5,1,1,Medewerker dossier
RX329568,5,1,1,Medewerker dossier
RX329559,5,4,1,Verlof
RO360516,5,1,1,Medewerker dossier
RO216843,5,5,1,Medewerker dossier
RZ272727,5,3,1,Arbeidsvoorwaarden
IC196498,5,3,1,Salaris
IC287045,5,3,2,Persoonlijke ontwikkeling
RY942865,5,3,1,Arbeidsvoorwaarden
RX749394,5,2,1,Medewerker dossier
IC270258,4,1,1,Verlof
IC267830,4,3,1,Arbeidsvoorwaarden
IC278754,4,2,2,Loopbaan / personeelsontwikkeling
RY376319,4,1,1,Medewerker dossier
RY956908,4,2,1,03.1 Salaris
IC294944,4,2,1,Overeenkomsten
RX295461,4,4,1,Recent toegevoegd
RX295133,4,3,1,Verzuim/Arbo
RT220212,4,2,2,"1. Arbeidsovereenkomst, doorstroom en ontslag"
IC263715,4,3,2,Medewerker dossier
RS513970,4,2,1,Verlof en Verzuim
RX273678,4,1,1,Arbeidsvoorwaarden
RP667760,4,1,1,Verzuim
RZ185346,4,2,1,Salaris
RU208811,4,3,1,Medewerker dossier
RY1000806,4,3,1,Arbeidsovereenkomst en -voorwaarden mdw in loondie
RX366592,4,1,2,Medewerker dossier
RY893914,4,4,1,Verlof
RZ278139,4,1,1,Arbeidsvoorwaarden
RO435618,4,2,1,Start dienstverband
IC290467,4,3,1,Persoonlijk
RP136305,4,1,1,Arbeidsvoorwaarden
IC263375,4,2,1,Werkmap
RO683779,4,2,1,Medewerker dossier
RO715984,4,1,1,CLM
UA007278,4,3,1,Arbeidsvoorwaarden
RP120200,4,4,1,Persoonlijk
RY702538,4,2,1,Arbeidsvoorwaarden
RZ274454,4,3,1,Arbeidsvoorwaarden
RV661323,4,3,1,Salaris
IC256798,4,1,1,Medewerker dossier
RX376617,4,1,1,3-Aanstelling
IC281668,4,2,2,Arbeidsvoorwaarden
RZ269349,4,2,1,Medewerker dossier
RZ256825,4,2,1,Arbeidsvoorwaarden
RT125818,4,4,1,Verlof
RX329752,4,1,2,Medewerker dossier
RT309943,4,3,1,Persoonsgegevens
RY782362,4,1,1,Arbeidsovereenkomsten
RP786411,4,4,1,Overig salaris
RX635227,4,1,1,Medewerker dossier
RQ516834,4,4,1,Persoonlijk
RT186598,4,4,1,1. Persoonsgegevens
RQ345507,4,4,1,Opleidingen
RW953140,4,3,1,Persoonsgegevens
RU158854,4,3,1,Medewerker dossier
RY457697,4,3,1,Medewerker dossier
IC273183,4,2,2,Arbeidsvoorwaarden
RP808728,4,3,1,Medewerker dossier
RP149569,4,2,1,Medewerker dossier
RW920235,4,1,1,Medewerker dossier
RY817248,4,1,1,Medewerker dossier
RO141991,4,4,1,Historie
RO730035,4,3,1,FWG
RT147753,4,2,1,Medewerker dossier
RO551130,4,2,2,Historie
RO991489,4,2,1,Opleiding
RV924568,4,2,1,Medewerker dossier
RY103680,4,2,1,Verlof
IC259292,4,3,2,Arbeidsvoorwaarden
RX815977,4,4,1,Personalia
RZ251246,4,1,1,Medewerker dossier
RZ333964,4,3,1,Arbeidsvoorwaarden
RW794338,4,4,1,Functioneren en beoordelen
RO623406,4,3,1,Persoonlijk en Overeenkomsten
RQ957536,4,2,1,Aanstelling en benoeming
RV580684,4,2,1,Beoordeling/functioneren
RY192938,4,2,1,Algemeen
RY1006890,4,3,1,Arbeidsvoorwaarden en salaris
RZ178395,4,2,2,13. ICT
RZ319945,4,4,1,Medewerker dossier
RY1006271,4,3,1,01.1 Formele documenten
RO871294,4,2,1,Medewerker dossier
RX941097,4,2,2,Training / opleiding
IC149153,4,2,1,Historie
RO695177,4,3,1,Arbeidsovereenkomst
RZ289239,4,3,1,Arbeidsovereenkomst
RZ305971,4,2,1,Aanstelling/overeenkomst
RX913980,4,1,1,Verlof
RY633433,4,4,1,Archief algemeen
RV741327,4,1,2,Medewerker dossier
RX295346,4,2,1,Arbeidsvoorwaarden
RQ151659,4,2,1,Arbeidsvoorwaarden
RY138630,4,4,1,Arbeidsvoorwaarden
RO626597,4,4,1,Loopbaan/Persoonlijke ontwikkeling
RW616836,4,3,1,Medewerker dossier
RO947750,4,3,1,Salaris
RY301396,4,1,1,Medewerker dossier
RV542364,4,3,1,Persoonlijk
RZ187001,4,3,2,Functioneren
IC112574,4,2,1,Algemeen
RP238315,4,1,1,Medewerker dossier
RZ288695,4,4,1,Functioneren
RP238271,4,4,1,Juridische zaken
RQ531222,4,1,2,Loopbaan
RS644691,4,3,1,Contracten/aov
RY952361,4,2,1,Arbeidsvoorwaarden
RY508699,4,1,1,Loopbaan / personeelsontwikkeling
RX517580,4,2,1,Medewerker dossier
UA009422,4,3,1,Salaris
RO721916,4,3,1,Arbeidsovereenkomst
RU205654,4,2,2,Functioneren en ontwikkeling
IC129446,4,1,2,MKA
RZ216706,4,1,1,Medewerker dossier
IC279742,4,2,1,Medewerker dossier
RV854430,4,4,1,Salaris
RY685240,4,2,2,Verlof
RY661958,4,2,1,Medewerker dossier
RW886650,4,1,1,Medewerker dossier
RQ945859,4,2,1,Medewerker dossier
RW779518,4,3,1,Persoonsgegevens
RU467858,4,4,1,03. Loopbaan / personeelsontwikkeling
RW219866,4,3,1,Persoonlijk
RT996710,4,1,1,Medewerker dossier
UA000743,4,2,2,Medewerker dossier
RU267134,4,3,1,Arbeidsvoorwaarden
IC261879,4,1,1,Verlof
RP131575,4,1,2,Medewerker dossier
IC296698,4,2,1,Medewerker dossier
RY984799,4,2,1,Persoonlijk
RZ275397,4,4,1,Personalia
RY459855,4,3,1,Arbeidsovereenkomst
RW531002,4,2,1,Opleidingen
RZ251009,4,2,1,Personalia
RY104046,4,3,2,Persoonsgegevens
RZ141053,4,3,2,Medewerker dossier
RX564376,4,3,1,Persoonsgegevens
RP385698,4,1,1,Functioneren en ontwikkeling
RV660030,4,3,1,Salaris
RY504768,4,4,2,Algemeen
IC250523,4,1,1,Arbeidsvoorwaarden
RY727963,4,2,1,Arbeidsvoorwaarden
RZ112271,4,2,2,Functioneren
RX295434,4,2,1,Arbeidsvoorwaarden
RX768554,4,2,2,1. Persoonsgegevens
RY710448,4,1,1,Medewerker dossier
RY1011349,4,4,1,Persoonlijk
UA004382,4,2,1,Aanstelling
IC214132,4,4,1,8. Personele ontwikkeling
RQ134813,4,3,1,Persoonlijk
IC282967,4,2,2,Medewerker dossier
RP755891,4,3,1,Arbeidsvoorwaarden
RZ354798,4,4,1,Salaris
RX393186,4,2,1,Loopbaan / personeelsontwikkeling
RQ346291,4,4,1,Functioneren en loopbaan
RU741515,4,4,1,Medewerker dossier
RY400953,4,4,1,8. Personele ontwikkeling
RZ313827,4,3,1,Medewerker dossier
RO710266,4,4,1,Overeenkomst externen
RX104386,4,3,1,Aanstelling en benoeming
RV799623,4,1,2,Persoonlijk en Overeenkomsten
RZ176490,4,3,1,Arbeidsvoorwaarden
RY737737,4,2,1,Verlof
RU730476,4,3,1,Opleiding
RW467295,4,1,1,Loopbaan en opleiding
RO943998,4,3,1,Aanstelling en benoeming
IC283297,4,4,1,Archief ouder dan 01-01-2015
RZ274487,4,1,1,Prullenbak
RZ347400,4,4,1,Overig
RY868183,4,4,1,01.4 Verzekeringen
RY944404,4,1,1,Arbeids-/Vrijwilligersovereenkomst
RX230138,4,2,1,Diensttijd
RY956466,4,3,1,02.1 Arbeidsovereenkomst
RY540060,4,3,1,Arbeidsvoorwaarden
RY858476,4,1,1,Vertrouwelijke correspondentie
RO944848,4,3,1,Medewerker dossier
RQ901788,4,1,2,Opleidingen
RY820723,4,1,1,Overeenkomsten
RU122265,4,2,1,Functioneren en ontwikkeling
RO523770,3,1,1,Verlof
RX839812,3,1,1,Arbeidsovereenkomsten
RY866788,3,2,1,09.1 Ontslag
RO682791,3,2,1,Loopbaan en opleiding
IC289539,3,2,2,Medewerker dossier
RY966503,3,3,1,Ziekte en re-integratie
IC267835,3,3,1,Loopbaan en ontwikkeling
RY952476,3,2,1,Medewerker dossier
RV320727,3,1,1,Medewerker dossier
IC217893,3,1,1,Medewerker dossier
IC266057,3,3,1,Inzetbaarheid
RY660383,3,3,1,Overig arbeidsvoorwaarden
RP119570,3,2,1,Verzuim
RQ521641,3,2,1,Medewerker dossier
IC296901,3,3,1,Medewerker dossier
RV605789,3,3,1,Werkbegeleiding
RQ474035,3,1,2,Medewerker dossier
RP237424,3,2,1,Dienstverband
RV856332,3,3,1,Historie DECOS
RY299637,3,1,1,Arbeidsvoorwaarden
RZ267218,3,2,1,Dienstverband
RZ325444,3,3,1,02. Arbeidsvoorwaarden
RO1002636,3,1,1,Opleidingen
RQ517291,3,2,1,Aanstelling
RY984792,3,2,1,Functioneren en loopbaan
RV320852,3,1,1,Loopbaanontwikkeling
IC263320,3,1,1,Medewerker dossier
RU498895,3,2,1,Arbeidsovereenkomst
RO947859,3,1,1,Medewerker dossier
RO982452,3,1,1,Aanstelling en Benoeming
RX887694,3,1,1,Medewerker dossier
RP822142,3,1,1,Prullenbak
RY817812,3,3,1,Diensttijd en pensioen
RQ121201,3,3,1,Verlof
RZ315031,3,2,1,Medewerker dossier
RX775997,3,3,1,Loopbaan/personeelsontwikkeling
RO355205,3,1,1,Aanstelling en dienstverband
RP428847,3,2,1,02 Arbeidsovereenkomst
RX266966,3,2,1,Arbeidsvoorwaarden
RY968271,3,1,1,02.1 Arbeidsovereenkomst
RU124806,3,2,1,Arbeidsvoorwaarden
RW752030,3,1,1,Contract
RZ147334,3,2,1,Persoonlijk
RY600894,3,1,1,Arbeidsovereenkomsten
RO364368,3,1,1,Verlof diversen
RZ143058,3,2,1,Verzuim
RP407654,3,2,1,Medewerker dossier
RY753116,3,2,1,Persoonlijk
RX281038,3,2,1,Indiensttreding
RP482933,3,2,1,Dienstverband
RZ264811,3,1,1,Gespreksverslagen
RY700499,3,3,1,Salarisdocumenten
RY906672,3,2,1,Arbeidsvoorwaarden
RZ256946,3,3,1,Verlof
RX785351,3,1,1,Arbeidsvoorwaarden
RY896529,3,1,1,Scholing/studieaanvragen
IC204060,3,3,1,Loopbaan
RZ288098,3,2,1,Persoonlijk
RQ413914,3,1,1,01 Indiensttreding
RO337158,3,2,1,03. Dienstverband
RP358975,3,2,1,Loopbaan en ontwikkeling
RX474180,3,2,1,Rechtspositie
RZ282447,3,1,1,Persoonlijk
RO517058,3,2,1,Sollicitatie
RP212664,3,1,1,Functioneren
IC120814,3,2,1,Medewerker dossier
RY1005636,3,2,1,Diploma's - Certificaten
IC209919,3,3,1,Einde dienstverband
RP397284,3,2,1,Arbeidsvoorwaarden
RP232221,3,3,2,Personalia
UA000482,3,3,1,Persoonlijk
RZ178672,3,3,1,Persoonlijk
RX555811,3,1,1,Medewerker dossier
RX274096,3,2,1,Arbeidsvoorwaarden
RX460050,3,3,1,Dienstverband
IC287589,3,3,1,Recent toegevoegd
RY393132,3,2,1,Persoonlijk
RV433748,3,3,1,Salaris
IC218589,3,2,1,Indiensttreding regulier
RY704765,3,3,1,Rechtspositie en arbeidsvoorwaarden
UA006958,3,3,1,Aanstelling
RO868946,3,3,2,Loopbaan / personeelsontwikkeling
RW483606,3,2,1,Dienstverband
RY616709,3,1,2,Medewerker dossier
IC113268,3,2,2,Arbo
RP755938,3,1,1,Medewerker dossier
RO173159,3,1,1,Medewerker dossier
RY506197,3,3,1,02.3 Stage
RY829223,3,1,1,Medewerker dossier
RV805794,3,2,1,Prullenbak
RY944399,3,3,1,2. Arbeidsvoorwaarden
RX516363,3,1,1,Dienstverband
RY991301,3,2,1,(Aanstelling)overeenkomst en wijzigingen
RQ886104,3,1,1,Dienstverband
RQ738084,3,1,1,Persoonlijk
RO373082,3,1,1,Loopbaan / personeelsontwikkeling
RZ218308,3,3,1,Medewerker dossier
RX602355,3,1,1,Medewerker dossier
RP902256,3,3,1,Medewerker dossier
RY140403,3,2,1,Personeelsdossier
RS823624,3,2,1,Persoonsgegevens
RW484807,3,2,1,Arbeidsvoorwaarden
RZ109999,3,3,1,Arbeidsvoorwaarden
RQ502636,3,2,1,Dienstongeval / Beroepsziekte
RQ478069,3,3,1,Persoonlijk
RY1002471,3,3,1,Medewerker dossier
RW767610,3,3,1,Functioneren en beoordelen
UA008069,3,1,1,Medewerker dossier
RY730258,3,3,1,Functioneren en loopbaan
RZ172975,3,3,1,01.1 Formele documenten
IC263987,3,1,1,Medewerker dossier
RY533604,3,2,1,Opleiding
RW559119,3,2,1,Dienstverbanden
RZ249557,3,2,1,Functioneren
RU523900,3,3,1,Persoonlijk
RX266728,3,3,1,Medewerker dossier
RP547732,3,3,1,Persoonsgegevens
RX214195,3,1,1,Contract & arbeidsvoorwaarden
RY526726,3,2,1,Medewerker dossier
RX421435,3,3,2,Medewerker dossier
RW142248,3,2,1,Medewerker dossier
RX810968,3,2,1,Opleiding en ontwikkeling
RW781707,3,3,1,Aanstellingsgegevens
RU132360,3,2,1,Contracten
RV799570,3,2,1,Arbeidsvoorwaarden
IC246176,3,2,1,Verzuim
RX294157,3,1,1,Verzuim/Arbo
RW767586,3,2,1,Functioneren en beoordelen
RP624884,3,3,1,Arbeidsovereenkomst
IC236800,3,2,1,Dienstverband
RY901867,3,1,1,Medewerker dossier
RY943665,3,2,1,Medewerker dossier
RO519232,3,3,1,Persoonlijk functioneren
RO319631,3,2,1,Loopbaan
RT112504,3,2,1,03. Dienstverband
IC266925,3,2,1,Verlof
RP902279,3,3,1,Medewerker dossier
RQ149944,3,2,1,"1. Arbeidsovereenkomst, doorstroom en ontslag"
RX818542,3,2,1,Gespreksverslagen
RO337892,3,3,1,08. Flex benefits
RQ474489,3,2,1,Archief ouder dan 01-01-2015
RW123163,3,2,1,Contracten
RQ389513,3,3,1,Loopbaan / personeelsontwikkeling
RQ705613,3,3,1,Persoonlijk
RP212376,3,1,1,Arbeidsvoorwaarden
RO407523,3,3,1,Verlof
RO328440,3,2,1,8. Personele ontwikkeling
RZ305613,3,3,1,Persoonlijk
RX538909,3,2,1,"Diploma's, certificaten en getuigschriften"
RY784975,3,3,1,Persoonlijk
RY100781,3,3,1,Arbeidsongeschiktheid
RO394897,3,2,1,Arbeidsvoorwaarden
RQ492028,3,1,1,Medewerker dossier
RO696651,3,2,1,Medewerker dossier
RW208997,3,2,1,Arbeidsovereenkomsten
RY711293,3,2,1,Arbeidsovereenkomsten
RO686797,3,2,1,Loopbaan en opleiding
RO518747,3,2,2,Medewerker dossier
RO1021417,3,1,1,02 Arbeidsovereenkomst
RW597327,3,3,1,Documenten indiensttreding
RW552725,3,2,1,Functioneren
RU743634,3,3,1,Archief t/m maart 2014
RX448466,3,1,1,Medewerker dossier
RU126719,3,3,1,Verzuimadministratie
RT187626,3,2,1,10. Declaraties
RY826636,3,3,1,Arbo en verzuim
RZ338634,3,2,1,Verzuim en reïntegratie
RV577406,3,3,1,Medewerker dossier
IC265066,3,2,1,Medewerker dossier
RZ170478,3,1,1,Beoordeling/functioneren
RY984791,3,3,1,Verlof
RQ470273,3,3,1,Loopbaan
RY906549,3,2,1,In dienst
RU126299,3,1,1,Medewerker dossier
IC251428,3,2,1,Medewerker dossier
RW862681,3,3,1,Persoonlijk
IC290362,3,1,1,Medewerker dossier
RX913345,3,3,1,Persoonlijk
RY404992,3,3,1,Contract & arbeidsvoorwaarden
RY705713,3,3,1,Functioneren
RV780603,3,1,1,Medewerker dossier
RU126487,3,2,1,Medewerker dossier
RZ286049,3,2,1,Arbo  en Verzuim
RY627443,3,2,1,Arbeidsovereenkomst
RS846997,3,2,1,Loopbaan
IC217918,3,2,1,Aanstelling
RQ512179,3,3,1,Aanstelling
RQ739510,3,2,1,Arbeidsvoorwaarden
RQ278371,3,1,1,Medewerker dossier
RX559870,2,2,1,Arbeidsvoorwaarden
RY474424,2,2,1,Salaris
RY956141,2,1,1,02.1 Arbeidsovereenkomst
RZ137929,2,2,1,Persoonlijk
RV385842,2,2,1,Arbeidsvoorwaarden
RY584726,2,2,1,Toelages
RO324342,2,2,1,Persoonlijke gegevens
RV700395,2,1,1,Persoonsgegevens
RZ128391,2,1,1,Dienstverband
RP401704,2,2,1,ID bewijs
IC126466,2,2,1,Salaris
IC216459,2,1,1,Persoonsgegevens
IC248683,2,2,1,Arbeidsvoorwaarden
UA004973,2,2,1,Persoonlijk
RY741232,2,2,1,Arbeidsvoorwaarden
IC265033,2,2,1,Werkmap
RQ680158,2,2,1,Persoonlijk
RW760754,2,2,1,Verzuim en arbo
RQ529942,2,2,1,Persoonlijk
RY405238,2,1,1,Arbeidsvoorwaarden
RZ149462,2,2,1,Salaris
RV876954,2,1,1,Medewerker dossier
RY991090,2,2,1,Medewerker dossier
RY587899,2,2,1,Dienstverband
RP238145,2,1,1,Medewerker dossier
RT371326,2,2,1,Medewerker dossier
RP482811,2,2,1,Persoonlijk
RO125195,2,2,1,3-Aanstelling
RT450717,2,2,1,09. Overig
RW785392,2,2,1,Beoordeling/functioneren
RO301458,2,2,1,Aanstelling en dienstverband
IC266924,2,1,1,Medewerker dossier
IC273794,2,2,1,Indiensttreding
RY238285,2,1,1,Medewerker dossier
RY1001872,2,1,1,Loopbaan / opleidingen
IC286233,2,2,1,Indiensttreding
RY505335,2,2,1,02 Arbeidsovereenkomst
RY298686,2,2,1,Loopbaan / personeelsontwikkeling
RO1019479,2,2,1,01 Indiensttreding
IC132360,2,2,1,Loopbaanontwikkeling
RZ216185,2,2,1,Medewerker dossier
RZ283572,2,1,1,Arbeidsvoorwaarden
IC183157,2,1,1,Medewerker dossier
RX555045,2,2,1,Persoonlijk
RX831054,2,1,1,Ontwikkeling
IC122329,2,2,2,Arbeidsvoorwaarden
RX544497,2,1,1,Opleidingen
RV693176,2,1,1,Persoonlijk
RX608133,2,1,1,3-Aanstelling
RQ502779,2,2,1,Persoonlijk
RO504794,2,1,1,Arbeidsvoorwaarden
RY787345,2,2,1,Loopbaan-/personeelsontwikkeling
RO186962,2,1,1,Prullenbak
RZ215601,2,1,1,Medewerker dossier
RX824989,2,2,1,Alle dossiers
IC197458,2,1,1,Arbeidsvoorwaarden
IC244189,2,2,1,02 Arbeidsovereenkomst
IC280409,2,1,1,Dienstverband
RX810136,2,2,1,Arbeidsvoorwaarden
RY938151,2,2,1,03 Salaris
RY871642,2,1,1,02.1 Arbeidsovereenkomst
RQ901828,2,2,1,Medewerker dossier
RY944177,2,1,1,Arbeidsvoorwaarden
RY201617,2,2,1,Verlof
IC255804,2,2,1,Medewerker dossier
RP213275,2,1,1,Medewerker dossier
RQ347557,2,1,2,Salaris
RO685688,2,2,1,Arbeidsovereenkomst
RZ215585,2,2,1,Arbo & Verzuim
RW776724,2,1,1,Medewerker dossier
IC149697,2,1,1,Arbeidsvoorwaarden
RX256259,2,2,1,Salaris
RY510292,2,1,1,Verlof
RO142172,2,1,1,Historie
RW993139,2,1,1,Dienstverbandgegevens
IC276276,2,1,1,Medewerker dossier
RY943010,2,2,1,Overeenkomsten
RY1010573,2,2,1,Arbeidsvoorwaarden
RP740280,2,1,1,Verlof
RV765770,2,2,1,Bedrijfsmiddelen
RP431568,2,2,1,1) Arbeidsovereenkomsten
RY833257,2,2,1,Medewerker dossier
IC201021,2,2,1,Salaris
RX425954,2,2,1,Medewerker dossier
RW819085,2,2,1,Medewerker dossier
RW777405,2,2,1,2. Arbeidsvoorwaarden
RX287257,2,2,1,Persoonlijk
RO1021399,2,2,1,09 Salarisdossier
RY634469,2,2,1,Salarisadministratie
RS957624,2,2,1,Arbeidscontract en -voorwaarden
RV105428,2,1,1,Persoonlijk
RX830387,2,1,1,Overeenkomsten
RO134625,2,1,1,"1. Arbeidsovereenkomst, doorstroom en ontslag"
RO308211,2,1,1,Persoonlijk
IC240466,2,1,1,Medewerker dossier
RO1019758,2,2,1,20 Dossier HRM
RW1012008,2,2,1,Persoonlijk
RY420166,2,2,1,Aanstelling en arbeidsvoorwaarden
RX632619,2,1,1,Medewerker dossier
IC255767,2,2,1,Einde dienstverband
IC284341,2,1,1,Arbeidsvoorwaarden
RW102089,2,2,1,Persoonlijk
RQ849927,2,1,1,Medewerker dossier
RS503212,2,2,1,Loopbaan / opleiding
RX790219,2,1,1,Algemeen
RZ319963,2,1,1,Medewerker dossier
IC200519,2,1,1,Medewerker dossier
RZ276054,2,2,1,Arbeidsvoorwaarden
RW790477,2,1,1,Opleidingen
RY477385,2,2,1,Verlof
RY104251,2,2,1,Verlof
RY675285,2,2,1,Persoonsgegevens
UA008227,2,2,1,Loopbaan
RO407843,2,2,1,Overig
IC167376,2,1,1,Medewerker dossier
RO1021315,2,1,1,04 Beoordelen en functioneren
RY530625,2,1,1,07 Verlof
RP643204,2,2,1,Persoonlijk
RQ423463,2,2,1,Arbeidsvoorwaarden
RQ747227,2,1,1,Loopbaan en ontwikkeling
RU731199,2,1,1,Medewerker dossier
RO1029641,2,1,1,02 Arbeidsovereenkomst
RX507155,2,1,1,Medewerker dossier
RY1002600,2,2,1,Verzuim
RW103167,2,2,1,Arbeidsvoorwaarden
IC217721,2,1,1,Medewerker dossier
RQ470030,2,2,1,Medewerker dossier
RX868382,2,2,1,Medewerker dossier
RX766632,2,1,1,Verstreken bewaartermijn
IC251325,2,2,1,In- en uitdienst
IC287746,2,1,1,Medewerker dossier
RY862623,2,2,1,Prullenbak
RZ277952,2,1,1,Medewerker dossier
IC229737,2,1,1,Medewerker dossier
RS786410,2,1,1,Arbeidsvoorwaarden
RZ284430,2,2,1,Persoonlijk
RO348018,2,2,1,Overig
RU739030,2,2,1,"Salaris, pensioen en verzekeringen"
RZ291188,2,2,1,Persoonlijke gegevens
RV742167,2,1,1,Aanstelling en Rechtspositie
RP238095,2,2,1,Persoonlijk
RP663817,2,1,1,Medewerker dossier
RQ531755,2,2,1,Persoonlijk
RO654456,2,2,1,Flexibele arbeidsvoorwaarden
IC254000,2,2,1,Dienstverband
RQ489394,2,1,1,Medewerker dossier
IC294426,2,1,1,Persoonlijk
RY893636,2,2,1,Salaris
RV486139,2,2,1,Medewerker dossier
RY866789,2,2,1,Medewerker dossier
RX787221,2,2,1,Persoonlijk
RX207913,2,1,1,Contract & arbeidsvoorwaarden
RO475630,2,2,1,Loopbaan / opleidingen
RV814725,2,2,1,Arbeidsvoorwaarden
RQ296022,2,1,1,In- en uitdienst
RQ517195,2,1,1,Medewerker dossier
RX777897,2,1,1,Medewerker dossier
RY451850,2,2,1,Arbeidsovereenkomst
RY582461,2,1,1,Arbeidsvoorwaarden
RP289340,2,1,1,01. Dienstverband
RO214306,2,2,1,Medewerker dossier
RX775227,2,2,1,Arbeidsvoorwaarden
IC279593,2,1,1,Arbeidsvoorwaarden
IC143112,2,2,1,Arbeidsvoorwaarden
IC150801,2,1,1,Gespreksverslagen
RY858835,2,2,1,05 Verlof
RY861344,2,2,1,Arbeidsvoorwaarden
IC240256,2,2,1,Medewerker dossier
RQ913979,2,2,1,Persoonlijk
IC289762,2,1,1,Verlof
RZ170376,2,2,1,Medewerker dossier
RW660336,2,2,1,Persoonlijk
UA008499,2,1,1,Arbeidsvoorwaarden
RO1019627,2,2,1,"06 Opleiding, loopbaan en mobiliteit"
RV922445,2,2,1,Medewerker dossier
IC218009,2,1,1,Medewerker dossier
RV905389,2,1,1,"1. Arbeidsovereenkomst, doorstroom en ontslag"
RW524874,2,2,1,Persoonlijk
RZ278551,2,2,1,Arbeidsvoorwaarden/belonen
RY197308,2,1,1,Persoonlijk
RO1019677,2,2,2,07 Verzuim
RX381947,2,2,1,Persoonlijk
RS820875,2,1,1,Arbeidsvoorwaarden
RZ261585,2,2,1,Arbeidsvoorwaarden
RZ277924,2,2,1,Persoonlijk
IC226766,2,2,1,Dienstongeval / Beroepsziekte
RY141651,2,2,1,Persoonlijk
RY665171,2,1,1,Medewerker dossier
RY274822,2,2,1,Salaris
RX843786,2,1,1,Arbeidsovereenkomsten
IC258587,2,1,1,Medewerker dossier
RY101517,2,2,1,Medewerker dossier
RO975014,2,1,1,Declaraties
RX360703,2,2,1,Persoonsgegevens
RO716618,2,1,1,Arbeidsvoorwaarden
RY236870,2,1,1,Medewerker dossier
RY304152,2,2,1,Vergoedingen/toelagen
IC248447,2,1,1,Medewerker dossier
RX380097,2,2,1,Salaris
RZ351548,2,2,1,Persoonlijk
RX333405,2,2,2,Disciplinaire Maatregel
IC246873,2,1,1,Salaris
UA005081,2,2,1,Loopbaan / personeelsontwikkeling
RZ149789,2,1,1,Medewerker dossier
RX270055,2,1,1,Arbeidsvoorwaarden
RP157921,2,2,1,Persoonsgegevens
RW752126,2,1,1,5. Verlof
RY285578,2,2,1,Persoonlijk
IC294039,2,2,1,Verlof
RX809556,2,1,1,Medewerker dossier
RP875865,2,1,1,Medewerker dossier
RY968193,2,2,1,02.1 Arbeidsovereenkomst
RX826278,2,1,1,Medewerker dossier
RZ169911,2,1,1,Medewerker dossier
RV337602,2,1,1,Personeelsdossier
RX720937,2,2,1,"Salaris, Salaristoelagen en Vergoedingen"
IC284275,2,2,1,Importverslagen
RY745695,2,2,1,Algemeen
RO186019,2,2,1,Persoonlijk
RP823115,2,1,1,Contracten / Arbeidsvoorwaarden
RW562934,2,1,1,Medewerker dossier
RV807443,2,2,1,Arbeidsvoorwaarden
RU689690,2,1,1,Opleiding loopbaan Persoonlijke ontwikkeling
RW853258,2,1,1,04. Verlof
RY527317,2,1,2,Medewerker dossier
IC286773,2,1,1,Medewerker dossier
RV741822,2,1,1,"1. Arbeidsovereenkomst, doorstroom en ontslag"
RQ849004,2,1,1,Medewerker dossier
RZ249676,2,1,1,Arbeidsvoorwaarden
RV337825,2,2,1,Persoonsgegevens
IC287882,2,2,1,Verstreken bewaartermijn
RY151948,2,1,1,Medewerker dossier
RY784601,2,1,1,Aanstelling en Rechtspositie
RY279666,2,1,1,Persoonsgegevens
RY1003248,2,2,1,Juridische zaken
RO348363,2,1,1,Arbeidsvoorwaarden
IC209471,2,2,1,Sollicitatie
RQ517657,2,1,1,Medewerker dossier
IC253790,2,2,1,Contracten/aov
RW893295,2,1,1,Arbeidsvoorwaarden
RX474916,2,2,1,Medewerker dossier
IC294231,2,2,1,Medewerker dossier
RP132143,2,1,1,Arbeidsvoorwaarden
RT318605,2,2,1,Leerdossier
RZ316847,2,2,1,Medewerker dossier
RQ490081,2,2,1,Persoonlijk
RY301834,2,2,1,Arbeidsvoorwaarden
RX210036,2,2,1,Indiensttreding
RY784629,2,1,1,Medewerker dossier
RW831728,2,1,1,Diploma / Certificaat / Getuigschrift
RY535701,2,2,1,Arbeidsovereenkomst
RZ287770,2,2,1,Functionering
RY155897,2,2,1,Medewerker dossier
RX586195,2,2,1,Functiewaardering
RX220684,2,2,1,Functie en ontwikkeling
RZ283922,2,1,1,Medewerker dossier
RY963937,2,2,1,Medewerker dossier
RY658280,2,2,1,02 Arbeidsovereenkomst
RO810775,2,2,1,Dienstverband
RP150979,2,2,1,Persoonlijk
RW816215,2,1,1,Medewerker dossier
RY831077,2,1,1,Dienstverband
IC288986,2,1,1,Medewerker dossier
RV338500,2,2,1,Arbeidsvoorwaarden
RP385289,2,2,1,Persoonsgegevens
RS815321,2,1,1,Medewerker dossier
RV446344,2,1,1,Medewerker dossier
RO488558,2,2,1,Scholing/studieaanvragen
RZ178730,2,2,1,Nog te verplaatsen documenten
RQ591794,2,2,1,Arbeidsvoorwaarden
RO216532,2,1,1,Opleiding
RQ795143,2,2,1,Verlof
RP315636,2,1,1,Opleiding
RS834205,2,2,1,Medewerker dossier
IC200792,2,2,2,Importopdrachten
RX641314,2,1,1,Arbeidsvoorwaarden
RY952001,2,2,1,Inhuur
RT188241,2,1,1,Medewerker dossier
RX254854,2,1,1,Primaire arbeidsvoorwaarden
RZ265699,2,1,1,Persoonsgegevens
RZ168789,2,2,2,Persoonlijk
RY706282,2,2,1,Beoordeling/functioneren
RY645178,2,1,1,Medewerker dossier
RP227683,2,2,1,Verlof
IC240837,2,1,1,Medewerker dossier
RO522721,2,2,2,Arbeidsvoorwaarden
RU339283,2,2,1,Arbeidsvoorwaarden
IC290375,2,2,1,Persoonlijk
IC174359,2,1,1,2. Arbeidsovereenkomst/ arbeidsvoorwaarden
RO303139,2,1,2,Loopbaan / personeelsontwikkeling
RY584954,2,2,2,Persoonlijke ontwikkeling
RQ411322,2,2,1,Functie en ontwikkeling
RX187328,2,2,1,Loopbaan en opleiding
RW930336,2,1,1,Alle dossiers
RO598147,2,2,1,Medewerker dossier
RT443990,2,2,2,Verlof
IC253804,2,2,2,Loopbaan
RW767555,2,1,1,Personalia
RW911691,2,1,1,Prullenbak
RX349699,2,1,1,Dienstverband
RY862427,2,2,1,09.1 Ontslag
RO956975,1,1,1,Prullenbak
RZ324515,1,1,1,06.1 UWV
RO389284,1,1,1,Personalia
RZ282937,1,1,1,Medewerker dossier
RX215808,1,1,1,Gespreksverslag
RY704414,1,1,1,Medewerker dossier
UA007344,1,1,1,Arbeidsovereenkomst
RP152718,1,1,1,Persoonsgegevens
RY476361,1,1,1,Persoonsgegevens
RX606948,1,1,1,Medewerker dossier
RY100437,1,1,1,Verzuim
RO1030524,1,1,1,05 Verlof
RX874647,1,1,1,Arbo
RQ298676,1,1,1,Medewerker dossier
IC235204,1,1,1,Dienstverbanden
RO398329,1,1,1,Medewerker dossier
RO393374,1,1,1,Persoonlijke gegevens
RY943594,1,1,1,Salaris
RQ627874,1,1,1,Medewerker dossier
RY409365,1,1,1,"Verlof, Verzuim en Arbo"
RW103637,1,1,1,Medewerker dossier
RV959076,1,1,1,Arbeidsvoorwaarden
RU281889,1,1,1,Medewerker dossier
RX469654,1,1,1,Medewerker dossier
RO944558,1,1,1,Medewerker dossier
IC151721,1,1,1,Arbeidsovereenkomsten
RY861676,1,1,1,Overige flexibele arbeidsvoorwaarden
RZ216797,1,1,1,Persoonlijk
IC257460,1,1,1,Arbeidsvoorwaarden
RY208194,1,1,1,Arbeidsvoorwaarden
RY820650,1,1,1,Persoonlijk
RV924824,1,1,1,Persoonsgegevens
RS823841,1,1,1,Arbeidsovereenkomst
RY537714,1,1,1,Jaargesprekken en Functioneren
RX766109,1,1,1,In dienst
RP767756,1,1,1,Medewerker dossier
RQ457420,1,1,1,Salaris
RZ143777,1,1,1,Arbo en Verzuim
RV595034,1,1,1,Verzuim
RV670283,1,1,1,Persoonlijk
RT936323,1,1,1,Arbeidsvoorwaarden
RZ250145,1,1,1,Persoonlijk
RY580038,1,1,1,Medewerker dossier
RY1003255,1,1,1,Arbeidsvoorwaarden
IC258466,1,1,1,Salaris
IC217964,1,1,1,Inzetbaarheid
IC262849,1,1,1,Prullenbak
RY548714,1,1,1,Medewerker dossier
RX290616,1,1,1,Loopbaan / persoonlijke ontwikkeling
RV883854,1,1,1,Persoonlijk
RY953347,1,1,1,- Contracten
RY751122,1,1,1,Verlof
RY940261,1,1,1,Arbeidsvoorwaarden
RO1021558,1,1,1,08 Pensioenen en Verzekeringen
RX680407,1,1,1,Persoonsgegevens
RO828667,1,1,1,Persoonlijk
RS820670,1,1,1,Loopbaan / personeelsontwikkeling
RY951577,1,1,1,Persoonsgegevens
RP190893,1,1,1,Arbeidsovereenkomst
RO431835,1,1,1,Medewerker dossier
RP119375,1,1,1,Personeelsdossier
RT932044,1,1,1,Dienstverband
RY965234,1,1,1,Salaris
UA009095,1,1,1,Alle dossiers
RZ148329,1,1,1,Personalia
RX484937,1,1,1,Loopbaan / personeelsontwikkeling
RY966344,1,1,1,02.2 Functiebeschrijving
RY1001814,1,1,1,Arbeidsvoorwaarden
RY663738,1,1,1,Persoonlijk
RX357117,1,1,1,Arbeidsovereenkomst
RX329730,1,1,1,Dienstverband
RY967472,1,1,1,02.1 Arbeidsovereenkomst
RZ305639,1,1,1,Loopbaan / personeelsontwikkeling
RZ350877,1,1,1,Medewerker dossier
IC269551,1,1,1,Studie
IC204028,1,1,1,Einde dienstverband
RV440165,1,1,1,3. Loopbaan en Pers. ontwikkeling
RY1010570,1,1,1,Overeenkomsten
IC253798,1,1,1,Aanstelling
RO393753,1,1,1,Medewerker dossier
RY992521,1,1,1,02.1 Arbeidsovereenkomst
RU125913,1,1,1,Indiensttreding regulier
RO523829,1,1,1,Prullenbak
RX170081,1,1,1,Aanstelling en benoeming
RO1005139,1,1,1,Opleidingen
RY835181,1,1,1,Verlof & verzuim
RY965116,1,1,1,Einde arbeidsovereenkomst
RW939688,1,1,1,Opleiden
UA008466,1,1,1,Verzuim
RY654788,1,1,1,Verlof
RU316313,1,1,1,01. Dienstverband
IC286143,1,1,1,Medewerker dossier
RY900510,1,1,1,Persoonlijk
RQ456161,1,1,1,Persoonlijk
RX808619,1,1,1,Medewerker dossier
RQ522825,1,1,1,Medewerker dossier
IC294650,1,1,1,Arbeidsovereenkomst
RU632735,1,1,1,5. Gespreksverslagen
RQ514961,1,1,1,Medewerker dossier
RW547905,1,1,1,Ziekte- en verzuim
RX635956,1,1,1,Verlof
RY442235,1,1,1,Beoordeling/functioneren
UA009630,1,1,1,Medewerker dossier
RY949735,1,1,1,Persoonsgegevens
RQ901634,1,1,1,Medewerker dossier
RX825614,1,1,1,Bevoegdheid
RY998665,1,1,1,Verlof
RO523714,1,1,1,Medewerker dossier
RZ207249,1,1,1,Medewerker dossier
UA008095,1,1,1,Persoonlijk
RY1005352,1,1,1,Persoonlijk
RW674582,1,1,1,Persoonlijk
RO989344,1,1,1,Dienstverbanden
UA011866,1,1,1,Loopbaan
IC287694,1,1,1,07 Verzuim
RY741701,1,1,1,Prullenbak
RQ745227,1,1,1,Verzuim
RW585438,1,1,1,Medewerker dossier
RY953257,1,1,1,01. Dienstverband
IC290747,1,1,1,Persoonlijk
RY450501,1,1,1,Persoonsgegevens
RY851411,1,1,1,Medewerker dossier
RX824169,1,1,1,Medewerker dossier
UA010616,1,1,1,Persoonlijk
RY234857,1,1,1,Persoonlijke gegevens
RT392619,1,1,1,Functie en Functioneren
RY641767,1,1,1,Arbeidsovereenkomst
RO123675,1,1,1,"1. Arbeidsovereenkomst, doorstroom en ontslag"
RO760205,1,1,1,Indiensttreding
RV617203,1,1,1,Persoonlijk
RP731940,1,1,1,Arbeidsvoorwaarden
RY654323,1,1,1,Medewerker dossier
IC217959,1,1,1,Medewerker dossier
IC120249,1,1,1,Arbeidsvoorwaarden
RS710001,1,1,1,Persoonlijk functioneren
RO681110,1,1,1,Arbeidsovereenkomst
RZ174680,1,1,1,Loopbaan
RY895064,1,1,1,Loopbaanontwikkeling
RY421632,1,1,1,Persoonlijk
RQ622926,1,1,1,Medewerker dossier
RQ886184,1,1,1,Dienstverband
RW928699,1,1,1,Arbeidsovereenkomsten
RO518911,1,1,1,Arbeidsvoorwaarden
RQ485864,1,1,1,Medewerker dossier
RZ278014,1,1,1,Arbeidsvoorwaarden
RQ118216,1,1,1,Arbeidsvoorwaarden
RW963326,1,1,1,Verlof
RX682797,1,1,1,Salarisadministratie
RP767758,1,1,1,Persoonsgegevens
RS446494,1,1,1,Persoonlijk
RS463959,1,1,1,Waarderingsbeleid
IC294809,1,1,1,Medewerker dossier
RY988596,1,1,1,03.1 Salaris
RZ146489,1,1,1,Verzuim
IC235694,1,1,1,Medewerker dossier
RX809906,1,1,1,Overeenkomsten
RV435476,1,1,1,Medewerker dossier
RV526084,1,1,1,Persoonsgegevens
RZ282753,1,1,1,3. Loopbaan en Pers. ontwikkeling
RX665703,1,1,1,Persoonsgegevens
RZ325537,1,1,1,Arbeidsvoorwaarden
RV436658,1,1,1,Persoonlijk
RQ488764,1,1,1,Archief ouder dan 01-01-2015
RX329732,1,1,1,Medewerker dossier
RQ512186,1,1,1,Aanstelling
RP289140,1,1,1,01. Dienstverband
RY285814,1,1,1,Loopbaan en opleiding
RZ245167,1,1,1,Arbeidsovereenkomst en -voorwaarden mdw in loondie
RX917645,1,1,1,Medewerker dossier
IC113383,1,1,1,Verlof
IC212486,1,1,1,Verlof
RQ278449,1,1,1,Medewerker dossier
RY508805,1,1,1,Arbeidsvoorwaarden
RP120188,1,1,1,Verlof
RW104022,1,1,1,Persoonlijk
RX481322,1,1,1,Arbeidsovereenkomst
RY533611,1,1,1,Persoonlijk
IC261248,1,1,1,Arbeidsovereenkomst
IC138715,1,1,1,Salaris
RY1002196,1,1,1,Persoonlijk
RU124830,1,1,1,Medewerker dossier
RY112019,1,1,1,Medewerker dossier
RO598082,1,1,1,Persoonlijk
UA006478,1,1,1,Medewerker dossier
RV628399,1,1,1,Loopbaan
RY900569,1,1,1,Medewerker dossier
RP822253,1,1,1,Arbeidsjuridische zaken
RQ479220,1,1,1,Aanstelling
RP208704,1,1,1,Loopbaan / personeelsontwikkeling
RP774495,1,1,1,Opleiding en ontwikkeling
RZ100643,1,1,1,Persoonsgegevens
RY407485,1,1,1,Verzuim
IC250902,1,1,1,Arbeidsvoorwaarden
RY988516,1,1,1,02 Arbeidsovereenkomst
IC134437,1,1,1,Medewerker dossier
RP212245,1,1,1,Opleiding
RO393597,1,1,1,Medewerker dossier
RY186624,1,1,1,Arbeidsvoorwaarden
RZ168334,1,1,1,07 Verzuim
UA009623,1,1,1,Overige
RQ487319,1,1,1,Medewerker dossier
RQ518881,1,1,1,Inzetbaarheid
RZ252116,1,1,1,Contracten
RP462653,1,1,1,Arbeidsvoorwaarden
RY967418,1,1,1,05.3 Opleidingen
RY942764,1,1,1,Verstreken bewaartermijn
RW974254,1,1,1,Persoonlijk
RO984546,1,1,1,Persoonlijk
RY138047,1,1,1,Medewerker dossier
RP179685,1,1,1,Persoonlijk
RY943250,1,1,1,03. Gesprekscyclus
RO660364,1,1,1,Functioneren
RV762453,1,1,1,Sollicitatie
RO706343,1,1,1,Persoonlijk
RY868148,1,1,1,Persoonlijk
RY579433,1,1,1,Persoonlijk
RY474538,1,1,1,Functioneren en ontwikkeling
RY1008581,1,1,1,Functie en  functioneren
RY652796,1,1,1,Verzuim
RY990145,1,1,1,03.3 Speciale arbeidsvoorwaarden
RY599162,1,1,1,Medewerker dossier
RY474636,1,1,1,Jaargesprekken en Functioneren
RV389874,1,1,1,Medewerker dossier
RT980646,1,1,1,Persoonsgegevens
RQ893657,1,1,1,Loopbaan / personeelsontwikkeling
IC230190,1,1,1,Dienstongeval / Beroepsziekte
RP340527,1,1,1,Functioneren
RY907893,1,1,1,Jaargesprekken
RS644461,1,1,1,Opleidingen
RZ252279,1,1,1,Medewerker dossier
RT953485,1,1,1,Medewerker dossier
RX329686,1,1,1,Voorzieningen
IC248464,1,1,1,Persoonlijk
IC251434,1,1,1,Medewerker dossier
RX617321,1,1,1,Arbeidsvoorwaarden
RX878736,1,1,1,Persoonlijke ontwikkeling en functioneren
RY936316,1,1,1,Arbeidsovereenkomst
RX640880,1,1,1,Persoonsgegevens
RQ134702,1,1,1,Persoonlijk
RS969361,1,1,1,Dienstverbanden
IC269846,1,1,1,Medewerker dossier
RS722470,1,1,1,Verlof
IC265034,1,1,1,Medewerker dossier
RZ252223,1,1,1,Ontwikkeling
IC285447,1,1,1,Werknotities P&O
UA009042,1,1,1,Loopbaan
RY527843,1,1,1,Salarisadministratie
RZ275404,1,1,1,Arbeidsovereenkomst
RX421802,1,1,1,Documenthistorie rapportages
RW935856,1,1,1,Personeelsdossier
RT996895,1,1,1,Opleiding
RX126807,1,1,1,Arbeidsvoorwaarden
RY871795,1,1,1,11 Overige aanvragen
RU365908,1,1,1,Medewerker dossier
RY743443,1,1,1,Aanstelling en arbeidsvoorwaarden
RP237916,1,1,1,Aanstelling/overeenkomst
UA010637,1,1,1,Archief Verzuim
RT188311,1,1,1,5. Gespreksverslagen
RZ256849,1,1,1,Arbeidsvoorwaarden
RT1031010,1,1,1,Medewerker dossier
RY229423,1,1,1,Persoonlijk
IC122569,1,1,1,Verzuim
RY699607,1,1,1,02 Arbeidsvoorwaarden
RZ137930,1,1,1,06.1 UWV
RT932068,1,1,1,Medewerker dossier
RP378910,1,1,1,Medewerker dossier
IC288035,1,1,1,Medewerker dossier
RZ321613,1,1,1,Medewerker dossier
RV916102,1,1,1,Verzuim
RO536145,1,1,1,Salaris
RY241374,1,1,1,2. Arbeidsovereenkomst/ arbeidsvoorwaarden
IC211932,1,1,1,Medewerker dossier
IC297331,1,1,1,Archief ouder dan 01-01-2015
RQ158455,1,1,1,Dienstverband
RQ420491,1,1,1,Dienstverband
RY675587,1,1,1,Verstreken bewaartermijn
RP624857,1,1,1,Medewerker dossier
UA008194,1,1,1,Verlof
RO213277,1,1,1,Salaris
RX424497,1,1,1,Arbeidsvoorwaarden
RY855572,1,1,1,Loopbaan / personeelsontwikkeling
RQ579208,1,1,1,HRM
IC202443,1,1,1,Arbeidsvoorwaarden
RX625385,1,1,1,Assesment bij benoeming
RY138104,1,1,1,Arbeidsvoorwaarden
IC140139,1,1,1,Alle dossiers
RW766535,1,1,1,Arbeidsvoorwaarden/belonen
RX927982,1,1,1,Arbeidsvoorwaarden
RZ266448,1,1,1,Dienstverband
RY895370,1,1,1,Persoonlijk
RQ523012,1,1,1,Dienstongeval / Beroepsziekte
RQ902831,1,1,1,Arbeidsvoorwaarden
RX788409,1,1,1,Aanstelling/overeenkomst
RX825350,1,1,1,Persoonlijk
RY643181,1,1,1,Arbeidsvoorwaarden
RW221984,1,1,1,Medewerker dossier
RW876284,1,1,1,Diversen
RX333515,1,1,1,Verlof
RW576295,1,1,1,Werkdossier manager
RY906080,1,1,1,Arbeidsvoorwaarden
RY758268,1,1,1,Persoonlijk
RX825023,1,1,1,Verlof
RO650227,1,1,1,Arbeidsovereenkomst
RY1010985,1,1,1,Medewerker dossier
RP828234,1,1,1,Medewerker dossier
RY500329,1,1,1,1-NAW/Persoonsgegevens
RW525708,1,1,1,Medewerker dossier
IC209472,1,1,1,Aanstelling en arbeidsvoorwaarden
RS477762,1,1,1,Overeenkomsten
RY796039,1,1,1,Verzuim
IC267684,1,1,1,Prullenbak
RX636323,1,1,1,Ziekte en reintegratie
RZ140876,1,1,1,Medewerker dossier
RZ319556,1,1,1,Salaris
RX877043,1,1,1,Salaris
RZ262770,1,1,1,Mutaties
RY644034,1,1,1,Verzuim en reïntegratie
RY867246,1,1,1,Medewerker dossier
IC269097,1,1,1,Medewerker dossier
RU102441,1,1,1,Jaargesprekken en Functioneren
RX776938,1,1,1,Verzuim
RZ185496,1,1,1,Arbeidsvoorwaarden
RX931124,1,1,1,Contracten
RV794002,1,1,1,Medewerker dossier
RW448857,1,1,1,Contract & arbeidsvoorwaarden
RW926198,1,1,1,Aanstelling/overeenkomst
IC128423,1,1,1,Medewerker dossier
RX561356,1,1,1,Medewerker dossier
RY652140,1,1,1,Arbeidsvoorwaarden/belonen
RV448912,1,1,1,Medewerker dossier
IC106975,1,1,1,2. Arbeidsvoorwaarden
IC261884,1,1,1,"Talent, Opleiding en Ontwikkeling"
RY463826,1,1,1,Contracten
RQ522005,1,1,1,Loopbaan
RX876836,1,1,1,Contract & arbeidsvoorwaarden
RQ118228,1,1,1,Persoonsgegevens
IC233479,1,1,1,Medewerker dossier
RX448068,1,1,1,Aanstelling en arbeidsvoorwaarden
RX329831,1,1,1,Opleiding & Ontwikkeling
RP238106,1,1,1,Aanstelling/overeenkomst
UA004923,1,1,1,Loopbaan
RW721989,1,1,1,"1. Arbeidsovereenkomst, doorstroom en ontslag"
RQ472394,1,1,1,Medewerker dossier
RU352863,1,1,1,Medewerker dossier
RY728000,1,1,1,Medewerker dossier
RO584487,1,1,1,Persoonlijk
RX145748,1,1,1,Aanstelling/overeenkomst
RX890723,1,1,1,Arbeidsovereenkomst
RO728896,1,1,1,Arbeidsovereenkomst
RY358319,1,1,1,Salaris/Beloning
RO645326,1,1,1,Arbo en ziekte
RT986219,1,1,1,Opleidingsgegevens
IC109727,1,1,1,Medewerker dossier
IC191321,1,1,1,Financiën
RX296319,1,1,1,Verstreken geldigheidstermijn
RY911515,1,1,1,Medewerker dossier
RY526399,1,1,1,Persoonlijk
RY900491,1,1,1,Aanstelling/overeenkomst
RV823962,1,1,1,Arbeidsovereenkomsten
RV903468,1,1,1,Arbeidsvoorwaarden
RT948555,1,1,1,Persoonsgegevens
RP528345,1,1,1,Arbeidsvoorwaarden
RP785876,1,1,1,Functioneren en loopbaanontwikkeling
RV858348,1,1,1,Persoonsgegevens
RY890849,1,1,1,Medewerker dossier
RZ179661,1,1,1,Persoonlijk
RZ350103,1,1,1,Medewerker dossier
RX817117,1,1,1,Medewerker dossier
RY233854,1,1,1,Primaire arbeidsvoorwaarden
RY1005947,1,1,1,UWV
RZ286085,1,1,1,Arbeidsvoorwaarden/contracten
RP782877,1,1,1,Medewerker dossier
RX228769,1,1,1,Medewerker dossier
RY645119,1,1,1,Arbeidsvoorwaarden
UA007136,1,1,1,Medewerker dossier
RZ150865,1,1,1,Arbeidsovereenkomsten
RY936027,1,1,1,Verlof
RZ250020,1,1,1,Arbeidsvoorwaarden
RZ176680,1,1,1,Medewerker dossier
RY534102,1,1,1,Medewerker dossier
RX426608,1,1,1,Persoonlijke gegevens
RO864677,1,1,1,Prullenbak
IC253909,1,1,1,Medewerker dossier
RS958312,1,1,1,Medewerker dossier
RZ186074,1,1,1,Arbeidsovereenkomst
RP282981,1,1,1,Medewerker dossier
RZ181338,1,1,1,Opleiden
RO829233,1,1,1,Arbeidsovereenkomst
RO1029973,1,1,1,07 Verzuim
RX243365,1,1,1,Medewerker dossier
RP842370,1,1,1,Functioneren en loopbaan
IC290546,1,1,1,Medewerker dossier
RX333408,1,1,1,Salaris
RY690241,1,1,1,Prullenbak
RY658632,1,1,1,Prullenbak
RO987942,1,1,1,Declaraties
RZ278357,1,1,1,Contracten
RV617538,1,1,1,Diploma en certificaten
RO947812,1,1,1,Medewerker dossier
UA000924,1,1,1,Aanstelling
RX922151,1,1,1,Aanvullende salarisdocumenten
IC187296,1,1,1,Medewerker dossier
RW141467,1,1,1,Flexibele arbeidsvoorwaarden
RX140820,1,1,1,Functioneren en beoordelen
IC191000,1,1,1,Arbeidsvoorwaarden
IC284993,1,1,1,Medewerker dossier
RY418232,1,1,1,Medewerker dossier
IC248938,1,1,1,Prullenbak
RZ248554,1,1,1,Prullenbak
RX268283,1,1,1,Persoonlijk
RY956689,1,1,1,04.1 Declaratie
RX887063,1,1,1,Aanstelling/overeenkomst
RY629083,1,1,1,02 Arbeidsovereenkomst
RX388967,1,1,1,Loopbaan
IC283765,1,1,1,Arbeidsvoorwaarden
RX352188,1,1,1,Functioneren
IC227685,1,1,1,Einde dienstverband
RP119159,1,1,1,Personeelsdossier
RO991122,1,1,1,Functionering
RY784425,1,1,1,Medewerker dossier
RQ521270,1,1,1,Medewerker dossier
RY871800,1,1,1,02.1 Arbeidsovereenkomst
IC217950,1,1,1,Medewerker dossier
RO173674,1,1,1,Medewerker dossier
RW143212,1,1,1,Opleidingen en Loopbaan
RT162320,1,1,1,Dienstverbanden
RZ346888,1,1,1,Arbo en Verzuim
RV327578,1,1,1,Opleiding & Personeelsontwikkeling
RV605460,1,1,1,Personeelsdossier
RX702166,1,1,1,Loopbaan/personeelsontwikkeling
RP774307,1,1,1,Algemeen
IC102660,1,1,1,Arbeidsvoorwaarden
RY829372,1,1,1,05 Verlof
RZ289738,1,1,1,02 Arbeidsovereenkomst
RW540348,1,1,1,Persoonsgegevens
RO684570,1,1,1,Arbeidsovereenkomst
UA007669,1,1,1,Medewerker dossier
RU125851,1,1,1,Persoonsgegevens
RY984789,1,1,1,Functioneren en loopbaan
RQ520462,1,1,1,Persoonlijk
RY897899,1,1,1,Arbeidsvoorwaarden
RQ479235,1,1,1,Archief ouder dan 01-01-2015
RW111729,1,1,1,Medewerker dossier
RY940431,1,1,1,Medewerker dossier
RX584940,1,1,1,Dienstverband
RY542072,1,1,1,Medewerker dossier
RY533927,1,1,1,04. Loopbaan / personeelsontwikkeling
IC127562,1,1,1,Studie
RZ209705,1,1,1,Arbeidsvoorwaarden
RZ181514,1,1,1,Persoonsgegevens
RY956024,1,1,1,05.1 Gesprekkencyclus
RT411157,1,1,1,Functionering
RZ267628,1,1,1,Arbeidsovereenkomst
RX611751,1,1,1,Verlof
RV464747,1,1,1,Medewerker dossier
RW650218,1,1,1,Arbeids-/Vrijwilligersovereenkomst
RY1012401,1,1,1,Arbeidsvoorwaarden
