user_id,total_filters,different_fields_used,days_active_filtering,most_used_field
RZ252629,108,2,1,medewerkerNaam
RZ250658,74,3,2,datumUitDienst
IC208299,60,2,2,datumUitDienst
IC278419,56,2,2,datumUitDienst
RZ331860,54,4,2,datumUitDienst
IC152940,51,2,2,medewerkerCode
RZ242259,50,2,2,datumUitDienst
RV328679,48,3,2,datumUitDienst
IC112226,47,2,2,medewerkerNaam
RY1002028,42,5,2,medewerkerNaam
RY496094,41,3,2,datumUitDienst
RY247959,39,2,2,medewerkerCode
RY541328,39,2,2,medewerkerNaam
RZ306485,39,5,1,datumUitDienst
RY963393,35,4,2,datumUitDienst
IC274955,34,3,2,datumUitDienst
RZ331874,34,2,2,medewerkerNaam
RO536473,34,2,2,datumUitDienst
RT187424,34,2,2,datumUitDienst
RY457745,33,3,2,datumUitDienst
RY871083,32,2,2,datumUitDienst
RY866785,32,2,1,datumUitDienst
RZ246063,32,2,1,medewerkerNaam
RZ146655,32,2,2,datumUitDienst
IC267835,30,2,1,datumUitDienst
UA008466,30,3,1,datumUitDienst
RZ321559,30,2,2,medewerkerNaam
RY584648,30,3,2,datumUitDienst
IC290930,30,3,2,datumUitDienst
RX460050,29,3,2,datumUitDienst
IC208322,28,2,2,datumUitDienst
RZ306888,28,2,2,datumUitDienst
RY643881,28,2,1,medewerkerNaam
RY658632,28,3,2,datumUitDienst
RO654379,28,2,2,medewerkerNaam
RY906057,28,2,1,datumUitDienst
IC273698,26,2,2,medewerkerNaam
RZ317970,26,2,2,medewerkerNaam
RZ293339,26,2,1,datumUitDienst
RY909962,26,2,2,datumUitDienst
UA010317,26,2,1,datumUitDienst
RZ314497,26,2,2,datumUitDienst
RY904811,26,3,2,datumUitDienst
RO535754,26,2,2,datumUitDienst
RV508707,26,2,2,medewerkerNaam
RZ213724,26,2,1,datumUitDienst
RO963476,25,3,2,datumUitDienst
RY862694,25,2,2,medewerkerNaam
RZ217228,25,2,2,medewerkerNaam
IC217877,24,4,2,datumUitDienst
RV805794,24,2,2,medewerkerCode
RZ246248,24,5,2,datumUitDienst
RX329559,24,2,2,medewerkerNaam
RX808747,24,2,1,medewerkerNaam
RZ317578,24,2,2,datumUitDienst
RZ108802,24,3,2,datumUitDienst
RX550922,24,2,1,datumUitDienst
RZ326872,24,2,2,datumUitDienst
RY938150,24,2,2,medewerkerNaam
RY710447,24,2,2,medewerkerNaam
RO662650,24,2,2,medewerkerNaam
RY815113,24,3,2,datumUitDienst
RY616709,24,2,2,datumUitDienst
RO224390,24,2,2,medewerkerNaam
RT168008,23,2,2,medewerkerNaam
RX917645,23,4,2,datumUitDienst
IC290407,23,2,2,medewerkerCode
RY393132,22,2,2,medewerkerCode
RZ272232,22,2,1,datumUitDienst
IC270258,22,2,1,medewerkerCode
RP772967,22,3,1,datumUitDienst
RX333449,22,2,1,medewerkerNaam
RX455728,22,4,1,datumUitDienst
RX473516,22,2,2,datumUitDienst
RZ170376,22,3,1,datumUitDienst
IC113775,22,2,2,datumUitDienst
RY1005611,22,2,1,datumUitDienst
RZ178881,22,2,2,medewerkerNaam
RX564130,22,2,2,medewerkerNaam
RY950276,22,2,2,medewerkerNaam
RY1005539,22,2,2,medewerkerNaam
RZ245945,22,2,2,medewerkerNaam
RU698337,21,3,2,datumUitDienst
IC259448,21,3,1,datumUitDienst
IC296504,21,1,2,medewerkerCode
IC280334,21,2,2,medewerkerNaam
IC235023,20,2,1,datumUitDienst
IC159590,20,2,2,datumUitDienst
RY995467,20,2,2,datumUitDienst
IC257460,20,3,2,datumUitDienst
RZ247420,20,3,1,datumUitDienst
IC109406,20,3,2,datumUitDienst
RZ215924,20,3,2,datumUitDienst
RY795760,20,2,2,medewerkerNaam
RO603554,20,2,2,datumUitDienst
RY641846,20,2,2,medewerkerNaam
RQ579208,20,2,1,datumUitDienst
RT986224,20,3,1,datumUitDienst
RO728943,20,3,2,datumUitDienst
UA006266,20,2,2,datumUitDienst
RZ350877,20,2,2,medewerkerNaam
RX493524,20,2,2,medewerkerCode
RY620852,20,3,2,datumUitDienst
RY469070,20,3,2,medewerkerNaam
RX559600,20,3,2,medewerkerCode
RY200599,20,2,2,datumUitDienst
RX593624,19,2,2,medewerkerNaam
IC136830,19,2,2,medewerkerNaam
RP482811,19,2,2,datumUitDienst
RX536092,19,2,2,medewerkerCode
RZ185731,19,2,2,medewerkerNaam
RY407304,18,2,2,medewerkerNaam
RQ865554,18,2,2,datumUitDienst
RY533611,18,3,2,datumUitDienst
RY991138,18,2,1,datumUitDienst
RY862623,18,3,2,datumUitDienst
RW754632,18,2,2,medewerkerNaam
RZ262922,18,3,2,datumUitDienst
RY684971,18,2,1,medewerkerNaam
IC209664,18,2,2,datumUitDienst
RX490599,18,3,2,datumUitDienst
RU389639,18,2,1,datumUitDienst
IC231263,18,2,2,datumUitDienst
RO303139,18,2,2,datumUitDienst
UA006881,18,2,2,medewerkerNaam
RP581823,18,2,2,datumUitDienst
RY699607,18,2,2,medewerkerNaam
IC267363,18,2,2,medewerkerNaam
RU125694,18,2,2,medewerkerCode
RX826755,18,2,2,datumUitDienst
RZ290015,18,2,2,medewerkerNaam
RY862437,18,3,2,datumUitDienst
RX809556,18,2,2,medewerkerNaam
RO488558,18,2,1,datumUitDienst
RY992264,18,2,2,medewerkerNaam
RV344229,18,2,2,medewerkerNaam
RY527317,18,2,2,datumUitDienst
RX587664,18,2,2,medewerkerNaam
RO458391,18,3,1,datumUitDienst
IC247614,17,2,2,datumUitDienst
RX422190,17,1,2,medewerkerCode
RS762502,17,2,1,medewerkerNaam
RX635956,17,3,2,datumUitDienst
RU669877,17,3,1,datumUitDienst
RZ319892,17,2,2,medewerkerNaam
RU126487,17,3,2,datumUitDienst
RX815375,16,2,2,medewerkerCode
RZ349495,16,3,2,medewerkerNaam
RY826639,16,2,2,datumUitDienst
IC175786,16,2,2,medewerkerCode
RS432887,16,2,2,medewerkerCode
RX865723,16,2,2,medewerkerNaam
RV617203,16,2,2,datumUitDienst
RW143212,16,2,2,medewerkerNaam
RP398484,16,2,2,medewerkerNaam
RS457518,16,2,2,datumUitDienst
RY588080,16,2,2,medewerkerNaam
RY104046,16,2,2,medewerkerNaam
RX620088,16,2,2,medewerkerNaam
RZ314936,16,2,1,medewerkerNaam
IC207146,16,2,1,medewerkerCode
RX872198,16,2,2,datumUitDienst
RO864156,16,3,2,datumUitDienst
RX345785,16,3,2,datumUitDienst
UA000238,16,3,1,datumUitDienst
RZ179504,16,3,1,datumUitDienst
RX179315,16,2,2,datumUitDienst
RY1001872,16,2,1,medewerkerNaam
IC283297,16,2,2,medewerkerCode
IC210125,16,3,2,datumUitDienst
RZ336745,16,2,2,medewerkerNaam
IC255651,16,2,2,medewerkerCode
RW586901,16,2,2,datumUitDienst
RY991702,16,2,2,medewerkerNaam
IC212980,16,3,2,datumUitDienst
IC227685,16,3,2,datumUitDienst
RV546104,16,4,1,medewerkerNaam
IC137270,15,2,2,medewerkerNaam
RY675302,15,2,2,medewerkerNaam
RX630721,15,3,2,medewerkerNaam
RZ211997,15,2,1,medewerkerNaam
IC229245,15,2,2,datumUitDienst
RW982076,14,3,2,datumUitDienst
IC267577,14,2,2,datumUitDienst
RS495174,14,3,2,datumUitDienst
RV439387,14,3,2,datumUitDienst
RY501609,14,2,1,medewerkerNaam
RX376617,14,2,1,medewerkerNaam
RX767978,14,2,2,medewerkerCode
RY868178,14,2,2,medewerkerNaam
IC244182,14,2,2,medewerkerNaam
RZ251193,14,2,1,medewerkerCode
RX940662,14,2,2,medewerkerCode
UA008919,14,2,2,datumUitDienst
RZ208558,14,2,2,medewerkerNaam
RZ322365,14,2,2,medewerkerNaam
IC235204,14,2,2,datumUitDienst
RZ172509,14,2,1,datumUitDienst
RZ243394,14,3,2,datumUitDienst
IC285518,14,3,2,datumUitDienst
RY963394,14,2,1,medewerkerNaam
RQ679496,14,2,1,datumUitDienst
RZ140876,14,2,2,datumUitDienst
RZ149789,14,2,1,medewerkerNaam
RY748604,14,2,1,datumUitDienst
RZ319835,14,2,2,datumUitDienst
RX391582,14,2,2,datumUitDienst
RO974896,14,2,2,medewerkerNaam
RX456816,14,2,2,medewerkerNaam
UA000545,14,2,1,medewerkerNaam
RZ315423,14,3,1,medewerkerNaam
RZ321613,14,2,2,datumUitDienst
RY892276,14,2,2,datumUitDienst
IC294239,14,2,1,medewerkerCode
RY913551,14,3,2,medewerkerCode
IC291014,14,2,1,medewerkerNaam
IC269909,14,2,2,medewerkerNaam
RO644257,14,2,2,datumUitDienst
RY857100,14,3,2,datumUitDienst
RZ265488,14,2,2,medewerkerNaam
RO522721,14,3,2,datumUitDienst
RY997237,14,2,2,medewerkerNaam
RY855965,14,2,2,datumUitDienst
RZ245754,14,2,1,medewerkerNaam
RT457513,14,2,1,medewerkerNaam
RY710448,14,2,1,datumUitDienst
RU122288,14,2,2,medewerkerCode
RO513168,14,2,2,medewerkerNaam
RP902256,14,2,2,medewerkerNaam
RW963326,14,2,1,medewerkerNaam
RX764386,14,2,2,datumUitDienst
RQ493940,14,2,2,datumUitDienst
RX521048,14,2,2,medewerkerNaam
IC140677,14,2,2,medewerkerNaam
RZ325506,14,2,2,datumUitDienst
IC294545,14,2,2,medewerkerNaam
IC269962,14,2,2,datumUitDienst
IC245686,14,2,2,datumUitDienst
IC286371,14,2,1,medewerkerNaam
RX783027,14,2,2,datumUitDienst
IC249091,14,3,2,datumUitDienst
RY408463,13,2,2,medewerkerNaam
RV344232,13,2,2,medewerkerNaam
IC294601,13,2,1,medewerkerNaam
RZ203523,13,2,2,medewerkerNaam
RY496095,13,2,2,medewerkerNaam
IC251197,13,3,1,datumUitDienst
UA001353,13,2,2,medewerkerNaam
IC194895,13,2,2,medewerkerCode
IC255897,13,2,2,medewerkerNaam
RY828408,12,2,2,datumUitDienst
RZ256978,12,2,2,medewerkerNaam
UA007581,12,2,2,medewerkerCode
RQ946481,12,2,2,medewerkerNaam
IC294231,12,2,2,datumUitDienst
RX932436,12,2,2,datumUitDienst
IC217918,12,3,2,datumUitDienst
RY942865,12,2,2,datumUitDienst
UA001729,12,3,1,datumUitDienst
RZ137929,12,3,2,datumUitDienst
RQ299005,12,2,1,datumUitDienst
RY821888,12,2,2,medewerkerNaam
RW606020,12,2,2,datumUitDienst
RY545809,12,2,2,datumUitDienst
RP232221,12,4,1,datumUitDienst
RX300483,12,3,1,datumUitDienst
RX614158,12,2,2,datumUitDienst
IC213881,12,2,1,datumUitDienst
RX295117,12,2,2,datumUitDienst
RV611624,12,2,1,medewerkerNaam
IC256760,12,3,2,datumUitDienst
UA009427,12,2,2,medewerkerCode
RY647161,12,2,2,datumUitDienst
RZ215907,12,2,2,datumUitDienst
IC148491,12,2,2,medewerkerCode
RW853258,12,2,1,datumUitDienst
RY584142,12,2,2,datumUitDienst
RW997217,12,2,2,datumUitDienst
RY858778,12,2,2,datumUitDienst
RY829945,12,2,2,medewerkerNaam
RY731791,12,3,2,medewerkerNaam
RW921944,12,2,2,medewerkerNaam
RW734821,12,2,1,medewerkerNaam
RX135597,12,2,1,datumUitDienst
IC273890,12,2,2,medewerkerNaam
RX749394,12,2,2,medewerkerNaam
UA010584,12,2,2,medewerkerNaam
IC261879,12,2,2,medewerkerNaam
RO398263,12,2,2,datumUitDienst
RY822993,12,3,2,datumUitDienst
RZ337723,12,3,1,datumUitDienst
RY954808,12,2,1,medewerkerNaam
RY706780,12,2,1,medewerkerNaam
RW194975,12,2,2,medewerkerNaam
RP808608,12,2,2,medewerkerNaam
RO716618,12,4,2,datumUitDienst
IC229276,12,3,2,datumUitDienst
UA007361,12,2,2,medewerkerCode
UA005081,12,2,2,medewerkerNaam
RT936314,12,3,2,datumUitDienst
RY401972,12,2,2,medewerkerNaam
RU688656,12,2,2,medewerkerCode
UA002256,12,2,2,datumUitDienst
RY1010570,12,2,1,medewerkerNaam
RY689522,12,2,2,medewerkerNaam
IC217857,12,2,1,datumUitDienst
UA008194,12,2,2,datumUitDienst
IC247163,12,2,2,datumUitDienst
RZ265801,12,2,2,medewerkerNaam
IC128107,12,3,2,datumUitDienst
RY1010573,12,2,2,medewerkerNaam
RY327196,12,3,2,datumUitDienst
RY908893,12,2,1,datumUitDienst
IC286773,12,2,1,datumUitDienst
RX509655,12,2,2,datumUitDienst
RU316888,12,2,2,datumUitDienst
RV502130,12,2,2,datumUitDienst
RO219479,12,2,1,datumUitDienst
RY273199,12,2,2,medewerkerNaam
RY829372,12,2,2,datumUitDienst
RY186137,12,2,1,medewerkerNaam
RV934532,12,3,1,datumUitDienst
RW779518,12,2,2,datumUitDienst
RY895163,12,2,2,datumUitDienst
UA006284,12,3,1,datumUitDienst
RY954779,12,2,1,medewerkerCode
RU281889,12,2,2,datumUitDienst
RQ868666,12,2,2,medewerkerNaam
IC209142,12,2,1,medewerkerCode
RX917113,12,2,2,datumUitDienst
IC266925,12,2,2,datumUitDienst
RY903347,12,3,1,datumUitDienst
RZ244843,12,2,2,datumUitDienst
RY728210,12,2,2,datumUitDienst
RY685240,12,2,2,medewerkerNaam
RO654397,12,2,2,datumUitDienst
RY984796,12,5,2,datumUitDienst
RP808728,12,2,2,datumUitDienst
RX610864,11,2,2,medewerkerNaam
IC280538,11,3,2,datumUitDienst
IC127988,11,3,2,datumUitDienst
RY369986,11,2,2,medewerkerNaam
RZ282447,11,2,1,medewerkerNaam
RY359313,11,2,2,medewerkerCode
RY962697,11,2,2,medewerkerNaam
RZ175557,11,2,2,medewerkerNaam
RO746263,10,2,2,datumUitDienst
IC284692,10,3,1,datumUitDienst
RO1019758,10,2,2,medewerkerCode
IC174359,10,2,2,datumUitDienst
IC144823,10,3,2,datumUitDienst
UA008227,10,3,2,datumUitDienst
IC254729,10,2,2,datumUitDienst
RV608478,10,2,2,datumUitDienst
RV807443,10,2,2,datumUitDienst
UA005017,10,3,1,datumUitDienst
UA009787,10,2,2,medewerkerNaam
RW928387,10,2,2,datumUitDienst
RX440049,10,2,2,datumUitDienst
RX723156,10,3,2,datumUitDienst
RZ305971,10,2,2,datumUitDienst
RY232659,10,2,2,medewerkerNaam
RY969390,10,2,2,medewerkerNaam
RY299362,10,2,2,datumUitDienst
RZ293131,10,2,1,medewerkerNaam
IC194859,10,2,2,medewerkerCode
RY816065,10,2,2,datumUitDienst
RX448072,10,2,1,datumUitDienst
RS475834,10,2,2,medewerkerNaam
UA009848,10,2,2,medewerkerCode
RY677134,10,2,2,datumUitDienst
RY329044,10,2,2,medewerkerNaam
RP136345,10,2,2,medewerkerNaam
RY833257,10,2,2,datumUitDienst
RX170081,10,3,2,datumUitDienst
RT156855,10,2,2,datumUitDienst
IC272933,10,3,2,datumUitDienst
IC267484,10,2,2,datumUitDienst
RZ290047,10,2,2,datumUitDienst
RY470653,10,3,2,datumUitDienst
RT986219,10,2,1,datumUitDienst
RP783440,10,2,2,medewerkerNaam
RY586468,10,2,2,medewerkerNaam
RO519804,10,2,2,medewerkerNaam
RV876954,10,2,1,medewerkerNaam
RO173674,10,2,2,medewerkerNaam
RP227683,10,2,2,datumUitDienst
RY376319,10,2,2,datumUitDienst
RW816378,10,2,2,datumUitDienst
RY580038,10,2,2,datumUitDienst
RO394897,10,2,1,medewerkerNaam
RU675998,10,2,2,datumUitDienst
RO857996,10,2,2,datumUitDienst
RZ291321,10,3,1,datumUitDienst
RY644541,10,2,2,datumUitDienst
RX421891,10,2,2,medewerkerNaam
RQ470019,10,2,2,medewerkerNaam
IC269097,10,2,2,datumUitDienst
RX824169,10,3,2,datumUitDienst
RY527026,10,3,1,datumUitDienst
RY965234,10,2,2,medewerkerNaam
RX229203,10,2,1,medewerkerNaam
RW774222,10,3,1,datumUitDienst
UA004763,10,2,2,datumUitDienst
RY1009398,10,2,2,medewerkerNaam
RX484937,10,2,1,datumUitDienst
RX565630,10,2,2,datumUitDienst
IC277740,10,2,2,datumUitDienst
UA011900,10,2,2,medewerkerNaam
IC290871,10,2,1,medewerkerCode
RX927968,10,2,2,medewerkerNaam
IC197458,10,2,2,datumUitDienst
IC224624,10,2,2,medewerkerNaam
RP555620,10,2,2,medewerkerNaam
IC258105,10,2,2,medewerkerNaam
IC217927,10,2,2,datumUitDienst
RX145344,10,2,2,datumUitDienst
RO944848,10,2,2,medewerkerNaam
RX871226,10,2,2,medewerkerCode
RX531873,10,2,2,datumUitDienst
IC160123,10,2,2,medewerkerNaam
RV580684,10,2,1,medewerkerNaam
IC289354,10,2,2,medewerkerCode
RU412484,10,2,2,medewerkerNaam
RX679747,10,2,2,medewerkerNaam
RY286263,10,2,2,medewerkerNaam
IC105265,10,2,1,medewerkerNaam
RZ180496,10,2,2,datumUitDienst
RP385698,10,2,1,medewerkerNaam
RY913449,10,2,1,datumUitDienst
IC238175,10,2,2,datumUitDienst
RQ891824,10,2,2,medewerkerNaam
RW625023,10,2,2,datumUitDienst
IC281668,10,2,2,medewerkerNaam
RV356225,10,2,2,medewerkerNaam
RX962390,10,3,2,datumUitDienst
RP289136,10,2,1,datumUitDienst
RW650218,10,2,1,datumUitDienst
RY990410,10,2,2,datumUitDienst
RY740039,10,2,2,datumUitDienst
IC217713,10,2,2,datumUitDienst
RO364368,10,2,2,medewerkerNaam
IC169098,10,2,1,datumUitDienst
RZ325255,10,2,2,datumUitDienst
RY1002156,10,2,1,datumUitDienst
IC209151,10,2,1,medewerkerCode
IC244189,10,2,2,medewerkerCode
RQ346307,10,2,2,medewerkerNaam
RU742787,10,2,2,medewerkerNaam
RW210621,10,2,2,medewerkerCode
RZ261720,10,3,1,medewerkerNaam
RY101524,10,2,1,datumUitDienst
IC177117,10,3,2,medewerkerNaam
IC150729,10,3,2,datumUitDienst
IC204073,10,2,2,medewerkerCode
IC204117,10,2,1,medewerkerCode
UA003187,10,2,2,datumUitDienst
RX837750,10,2,2,datumUitDienst
RQ689883,10,2,1,medewerkerNaam
RS177644,10,2,1,datumUitDienst
IC218001,10,3,2,datumUitDienst
RO654530,10,2,1,medewerkerNaam
RY740530,10,2,2,medewerkerNaam
IC248683,10,2,1,medewerkerCode
UA006037,10,3,1,datumUitDienst
RY286518,10,2,2,datumUitDienst
RX391257,10,2,1,medewerkerNaam
RX780932,10,2,2,datumUitDienst
RO364325,10,2,1,datumUitDienst
IC258788,10,2,1,datumUitDienst
RZ216185,10,3,2,datumUitDienst
RW919786,10,2,1,datumUitDienst
RX511244,10,2,2,datumUitDienst
RY932140,10,2,1,datumUitDienst
RY700667,10,3,2,datumUitDienst
RX913980,10,2,1,datumUitDienst
RX634430,10,2,1,medewerkerNaam
RX302843,10,2,1,datumUitDienst
RY534262,10,3,2,datumUitDienst
RY861676,10,3,1,datumUitDienst
RZ207351,10,2,1,medewerkerNaam
IC260217,10,2,2,medewerkerNaam
IC242092,10,2,2,medewerkerNaam
RY588568,10,2,2,datumUitDienst
RO216843,10,2,1,datumUitDienst
RV912849,10,2,1,datumUitDienst
RX137962,10,2,2,medewerkerNaam
RY233731,10,2,1,datumUitDienst
RP213038,10,2,2,medewerkerNaam
RX768554,10,2,2,medewerkerNaam
RW110683,10,2,2,medewerkerNaam
IC203559,10,2,1,medewerkerCode
IC276875,10,3,2,datumUitDienst
IC256860,10,2,2,datumUitDienst
RO523843,10,3,1,datumUitDienst
RZ262946,10,2,1,datumUitDienst
RY906672,9,2,1,datumUitDienst
RW163889,9,3,2,medewerkerCode
RO706343,9,3,2,medewerkerCode
IC287882,9,3,2,medewerkerCode
RZ223638,9,3,2,medewerkerNaam
RY1034599,9,2,2,medewerkerNaam
RY996441,9,3,1,medewerkerCode
RX785627,9,2,2,medewerkerNaam
RX630580,9,2,1,medewerkerNaam
RY528449,9,2,2,medewerkerNaam
RY542460,9,2,1,medewerkerCode
RW927005,9,2,2,medewerkerNaam
RP238214,9,2,2,medewerkerNaam
RQ345507,9,3,2,medewerkerNaam
RY665474,9,2,1,medewerkerCode
RX329583,9,2,2,medewerkerNaam
RZ274487,9,2,2,medewerkerCode
RX872245,9,2,1,medewerkerCode
RO518153,9,3,2,datumUitDienst
RY303082,9,2,1,medewerkerNaam
IC295239,9,3,2,medewerkerNaam
RY965136,9,3,1,datumUitDienst
RQ147863,9,2,2,datumUitDienst
RY950252,9,4,1,datumUitDienst
RY662922,9,2,1,datumUitDienst
RZ205746,9,2,1,medewerkerNaam
RZ105956,9,3,2,medewerkerNaam
RY527991,9,2,2,medewerkerNaam
RY861189,8,2,2,datumUitDienst
RV490726,8,2,2,datumUitDienst
IC196498,8,2,1,medewerkerCode
IC280516,8,3,2,datumUitDienst
IC295519,8,2,2,medewerkerNaam
RZ275384,8,2,1,medewerkerNaam
RY438225,8,2,2,datumUitDienst
RQ519801,8,2,1,medewerkerNaam
RY330824,8,2,2,medewerkerNaam
RQ518881,8,2,1,medewerkerNaam
RY239925,8,2,2,medewerkerNaam
RY671710,8,2,1,datumUitDienst
RV566362,8,2,2,datumUitDienst
RY997000,8,2,1,datumUitDienst
RV661001,8,3,1,datumUitDienst
RY194169,8,2,1,medewerkerNaam
RY961753,8,2,1,medewerkerNaam
RO523801,8,3,2,datumUitDienst
RX932049,8,2,2,medewerkerNaam
RZ325210,8,2,1,medewerkerNaam
RZ141055,8,2,1,medewerkerNaam
RW761075,8,2,2,medewerkerNaam
IC288035,8,2,2,datumUitDienst
IC287686,8,2,2,datumUitDienst
IC244349,8,2,1,medewerkerNaam
IC250881,8,2,1,medewerkerNaam
RZ276420,8,3,2,datumUitDienst
RY984801,8,2,2,datumUitDienst
RV884302,8,2,1,datumUitDienst
RY1008900,8,2,1,datumUitDienst
RZ147334,8,2,1,medewerkerNaam
RZ184827,8,2,1,medewerkerNaam
RX614409,8,2,1,datumUitDienst
IC104176,8,2,2,datumUitDienst
IC236536,8,2,1,medewerkerCode
RY908436,8,2,1,medewerkerCode
IC282629,8,2,1,datumUitDienst
RX294180,8,2,2,medewerkerNaam
RS742821,8,2,1,medewerkerNaam
RZ144821,8,2,2,medewerkerNaam
RZ266733,8,2,2,datumUitDienst
RY729497,8,2,1,datumUitDienst
IC267773,8,3,2,datumUitDienst
RW940661,8,2,1,datumUitDienst
RX113583,8,3,1,datumUitDienst
RY370921,8,3,1,datumUitDienst
UA005728,8,2,2,medewerkerCode
RX718168,8,2,2,datumUitDienst
RV617538,8,3,1,datumUitDienst
RX345630,8,2,2,medewerkerNaam
RY530416,8,3,2,datumUitDienst
RX281038,8,2,1,datumUitDienst
RZ246380,8,2,2,datumUitDienst
RY658280,8,2,2,medewerkerNaam
RY750737,8,2,2,medewerkerNaam
RS820155,8,3,2,datumUitDienst
RO127112,8,3,2,datumUitDienst
IC152137,8,2,2,datumUitDienst
RX868382,8,3,2,datumUitDienst
RQ345584,8,2,1,medewerkerNaam
RT220212,8,2,2,datumUitDienst
RQ517291,8,2,2,medewerkerNaam
RZ319644,8,2,1,medewerkerNaam
RQ121168,8,2,2,datumUitDienst
RV942790,8,2,1,datumUitDienst
IC204728,8,3,2,datumUitDienst
RX608133,8,2,1,medewerkerNaam
RY603228,8,2,1,datumUitDienst
IC217855,8,2,2,datumUitDienst
RV526084,8,2,2,medewerkerNaam
RX865381,8,3,1,datumUitDienst
IC204639,8,2,2,medewerkerNaam
IC110310,8,2,1,medewerkerNaam
RY268368,8,2,1,medewerkerNaam
RY906059,8,2,2,datumUitDienst
IC215398,8,2,2,medewerkerNaam
UA006564,8,4,1,datumUitDienst
IC282746,8,2,2,medewerkerCode
RU132360,8,2,1,datumUitDienst
RP119962,8,2,1,datumUitDienst
IC182642,8,2,2,datumUitDienst
IC257466,8,3,2,datumUitDienst
RW663039,8,2,2,datumUitDienst
RT382772,8,2,2,datumUitDienst
RQ249276,8,2,2,datumUitDienst
RV657801,8,2,2,datumUitDienst
RT188311,8,4,2,datumUitDienst
RZ288047,8,2,2,medewerkerNaam
RP791692,8,2,1,medewerkerNaam
RY649582,8,3,1,datumUitDienst
IC201030,8,3,1,datumUitDienst
RZ176842,8,2,2,datumUitDienst
RY498352,8,3,1,datumUitDienst
RW586767,8,2,2,medewerkerCode
RY236929,8,2,1,medewerkerCode
RY138047,8,2,2,medewerkerNaam
RY962610,8,2,1,datumUitDienst
IC132270,8,2,2,medewerkerNaam
RY984793,8,2,1,datumUitDienst
IC210769,8,2,2,medewerkerNaam
RY867827,8,3,2,datumUitDienst
RY758959,8,2,2,datumUitDienst
RY649865,8,2,1,datumUitDienst
RW1022426,8,2,2,datumUitDienst
RW810682,8,3,1,datumUitDienst
RW527984,8,2,1,medewerkerNaam
RZ278225,8,2,2,datumUitDienst
RX290237,8,2,1,medewerkerNaam
RQ413816,8,2,2,datumUitDienst
RS711038,8,2,1,datumUitDienst
RO947812,8,2,2,datumUitDienst
IC109071,8,2,2,datumUitDienst
IC294809,8,2,1,datumUitDienst
RU741659,8,2,2,medewerkerNaam
RW585438,8,3,2,datumUitDienst
RX610723,8,2,1,datumUitDienst
RY984799,8,2,1,medewerkerNaam
RQ886184,8,2,1,medewerkerNaam
RO504794,8,2,2,medewerkerCode
RX322855,8,2,2,datumUitDienst
RU698333,8,2,2,medewerkerNaam
RX333515,8,2,1,datumUitDienst
RX810406,8,2,2,medewerkerNaam
RP136161,8,2,1,medewerkerNaam
RZ215880,8,2,1,datumUitDienst
IC143112,8,2,1,medewerkerNaam
IC253790,8,2,1,medewerkerCode
RX828120,8,2,2,datumUitDienst
RY893636,8,2,1,datumUitDienst
UA006250,8,2,2,datumUitDienst
RZ225252,8,2,2,datumUitDienst
RS989604,8,3,2,datumUitDienst
IC144021,8,2,1,medewerkerNaam
RT996710,8,3,2,datumUitDienst
UA005074,8,2,2,datumUitDienst
RX325332,8,3,2,datumUitDienst
RY951508,8,2,1,datumUitDienst
IC260601,8,2,2,medewerkerNaam
RU334036,8,2,2,medewerkerNaam
IC239430,8,2,2,medewerkerNaam
RQ902537,8,2,2,datumUitDienst
RQ521641,8,2,2,datumUitDienst
RO706510,8,2,2,medewerkerCode
IC296698,8,3,2,datumUitDienst
RY743484,8,2,2,datumUitDienst
RX106064,8,2,2,medewerkerNaam
IC279593,8,2,1,medewerkerNaam
IC278252,8,2,2,medewerkerNaam
RZ176280,8,2,2,medewerkerNaam
IC129558,8,2,1,datumUitDienst
RY890866,8,2,2,medewerkerNaam
UA007008,8,2,1,datumUitDienst
RO984300,8,3,1,datumUitDienst
RT318605,8,2,1,datumUitDienst
RX820031,8,2,1,medewerkerCode
IC258860,8,3,1,medewerkerNaam
RO287903,8,2,2,medewerkerNaam
RW208997,8,2,1,datumUitDienst
RV841314,8,2,2,medewerkerNaam
RV707052,8,2,1,datumUitDienst
IC271778,8,2,1,medewerkerCode
RY952360,8,2,2,datumUitDienst
IC256798,8,2,1,datumUitDienst
RY746732,8,2,2,medewerkerNaam
RQ522350,8,2,2,datumUitDienst
IC263715,8,2,2,datumUitDienst
UA001727,8,2,1,medewerkerCode
UA008181,8,2,2,medewerkerNaam
IC223334,8,2,1,medewerkerCode
RP238106,8,2,1,medewerkerNaam
RZ207705,8,2,2,medewerkerNaam
IC262849,8,3,1,datumUitDienst
RO947859,8,2,2,medewerkerNaam
RY624425,8,2,2,medewerkerNaam
IC231270,8,3,1,datumUitDienst
RX127644,8,2,1,medewerkerNaam
RQ474035,8,2,2,datumUitDienst
RT368917,8,2,2,medewerkerNaam
RZ206569,8,2,2,datumUitDienst
RZ241899,8,2,1,medewerkerNaam
RO172466,8,2,2,medewerkerNaam
IC282292,8,2,2,medewerkerNaam
RW912949,8,2,1,medewerkerNaam
RV760235,8,2,1,datumUitDienst
RW776736,8,2,1,datumUitDienst
UA007277,8,3,1,datumUitDienst
RY831798,8,2,2,datumUitDienst
RX785351,8,2,1,medewerkerNaam
RZ330518,8,2,1,datumUitDienst
IC195196,8,2,2,medewerkerNaam
RU316313,8,2,1,datumUitDienst
RY991185,8,2,2,datumUitDienst
RW921851,8,2,1,medewerkerNaam
RY1008299,8,2,2,medewerkerNaam
RY415819,8,2,1,datumUitDienst
RP193647,8,2,2,datumUitDienst
RZ288520,8,2,2,medewerkerNaam
IC251711,8,2,1,medewerkerNaam
RX887063,8,2,1,datumUitDienst
RZ291188,8,3,2,datumUitDienst
IC224261,8,2,1,datumUitDienst
IC281686,8,2,2,medewerkerCode
RV503979,8,2,2,medewerkerNaam
RY871794,8,2,1,medewerkerCode
RQ512186,8,2,2,medewerkerNaam
UA009608,8,2,2,datumUitDienst
RY952476,8,2,2,medewerkerNaam
RZ278039,8,2,2,medewerkerNaam
RQ479235,8,2,2,medewerkerNaam
RX681589,8,2,2,datumUitDienst
RO287783,8,2,2,medewerkerNaam
RY589787,8,3,2,datumUitDienst
RP238320,8,3,2,datumUitDienst
RT936312,8,2,2,medewerkerCode
RY701454,8,3,2,datumUitDienst
RZ325444,8,2,2,datumUitDienst
IC103908,8,2,2,medewerkerCode
RZ180728,8,2,2,datumUitDienst
RU731199,8,2,2,datumUitDienst
RV852567,8,2,2,datumUitDienst
IC214132,8,2,2,medewerkerNaam
RO398329,8,3,1,datumUitDienst
RZ219374,8,2,2,datumUitDienst
IC284958,8,2,2,datumUitDienst
RY154121,8,2,2,datumUitDienst
RV472074,8,2,2,medewerkerNaam
RO650844,8,2,1,datumUitDienst
RW570866,8,3,2,datumUitDienst
RY419700,8,3,1,medewerkerNaam
RZ222445,8,2,1,medewerkerNaam
RT527432,8,2,1,medewerkerNaam
RX825350,8,2,2,datumUitDienst
RW107968,8,2,2,medewerkerNaam
RT101731,8,2,1,datumUitDienst
RT243296,8,2,1,datumUitDienst
IC208286,8,2,2,medewerkerCode
RZ308209,8,2,1,medewerkerNaam
RY963722,8,2,2,datumUitDienst
IC296256,8,3,1,medewerkerNaam
RY194110,8,2,2,medewerkerNaam
RZ326188,8,3,1,datumUitDienst
RY502667,8,3,2,datumUitDienst
RX927955,8,2,2,datumUitDienst
RZ246633,8,2,1,medewerkerNaam
RY855770,8,2,2,datumUitDienst
RX764374,7,3,2,datumUitDienst
RY737737,7,3,2,medewerkerCode
IC265066,7,2,2,medewerkerCode
RY148081,7,3,1,datumUitDienst
IC199530,7,2,1,medewerkerNaam
RU266989,7,3,2,datumUitDienst
RZ274471,7,3,2,medewerkerCode
RY956189,7,2,1,medewerkerNaam
IC124533,7,3,1,medewerkerCode
RU698332,7,2,2,medewerkerNaam
RQ130919,7,3,2,medewerkerNaam
RX492708,7,2,1,datumUitDienst
RY625991,7,2,1,medewerkerNaam
IC122495,7,3,2,medewerkerNaam
RO175811,7,3,2,datumUitDienst
RP339453,7,2,2,datumUitDienst
RX617321,7,2,1,medewerkerCode
RX217516,7,3,2,datumUitDienst
RX817250,7,3,1,datumUitDienst
RX507155,7,1,2,medewerkerNaam
RX780891,7,3,2,datumUitDienst
IC217722,7,4,2,datumUitDienst
IC284341,7,2,2,medewerkerNaam
RY544433,7,3,1,medewerkerGeboortedatum
RU523900,7,3,1,datumUitDienst
RO518747,7,3,2,datumUitDienst
RX824548,6,2,1,medewerkerNaam
RW611550,6,2,1,medewerkerNaam
RW633321,6,2,1,datumUitDienst
RZ206515,6,2,2,medewerkerNaam
RX295133,6,2,1,medewerkerNaam
RY866165,6,2,2,medewerkerNaam
RT341366,6,2,2,datumUitDienst
IC209170,6,2,2,medewerkerCode
UA000583,6,2,1,datumUitDienst
RW103167,6,2,2,medewerkerNaam
RX823811,6,2,1,medewerkerNaam
RV818477,6,2,2,medewerkerNaam
RY964362,6,2,1,datumUitDienst
RV741822,6,2,1,medewerkerNaam
RY100437,6,2,2,datumUitDienst
RY698281,6,3,2,datumUitDienst
RT104390,6,2,1,datumUitDienst
RO682791,6,3,1,datumUitDienst
RY588333,6,2,2,datumUitDienst
RY1010985,6,2,1,datumUitDienst
RY579433,6,2,2,datumUitDienst
RV622478,6,2,2,medewerkerNaam
IC216342,6,2,1,datumUitDienst
RY1010489,6,2,1,medewerkerNaam
RT116402,6,2,2,datumUitDienst
UA009740,6,2,2,medewerkerCode
RX816260,6,2,2,datumUitDienst
RZ278356,6,2,1,datumUitDienst
RP402069,6,2,1,medewerkerNaam
IC280409,6,2,1,medewerkerNaam
RX818534,6,2,2,medewerkerCode
RZ247172,6,2,1,medewerkerNaam
RY105969,6,2,2,datumUitDienst
RZ169911,6,2,1,medewerkerCode
RO580711,6,2,1,medewerkerNaam
RP482981,6,2,1,medewerkerCode
IC126466,6,2,1,datumUitDienst
IC128423,6,2,2,medewerkerCode
RV634686,6,2,2,datumUitDienst
RO523770,6,3,1,datumUitDienst
RW692397,6,2,2,medewerkerNaam
RY857089,6,2,2,datumUitDienst
RQ117748,6,2,1,medewerkerNaam
UA004116,6,2,1,medewerkerNaam
RX872850,6,2,2,medewerkerNaam
RT101173,6,2,2,datumUitDienst
RX430049,6,2,1,datumUitDienst
RZ261585,6,2,1,datumUitDienst
RY687189,6,2,1,datumUitDienst
IC263987,6,2,1,datumUitDienst
RY633391,6,2,2,datumUitDienst
RP663817,6,2,1,datumUitDienst
RX887694,6,2,1,datumUitDienst
IC233479,6,2,1,medewerkerCode
UA009630,6,2,2,medewerkerCode
IC290375,6,3,2,datumUitDienst
RY510292,6,2,1,medewerkerCode
RQ902831,6,3,2,datumUitDienst
RO974759,6,2,1,datumUitDienst
IC238734,6,2,1,medewerkerNaam
IC149153,6,2,1,datumUitDienst
RU419097,6,2,1,datumUitDienst
RY938151,6,2,1,datumUitDienst
RX170884,6,2,1,datumUitDienst
RY869068,6,2,1,datumUitDienst
IC230183,6,2,1,medewerkerNaam
UA009213,6,3,2,datumUitDienst
RX784893,6,2,1,datumUitDienst
RO858855,6,2,2,datumUitDienst
IC127456,6,2,1,datumUitDienst
RZ315791,6,2,2,medewerkerCode
RY984792,6,2,1,datumUitDienst
RZ327191,6,2,1,datumUitDienst
IC278792,6,2,2,datumUitDienst
IC231889,6,2,1,datumUitDienst
RY815065,6,3,1,datumUitDienst
RX764383,6,2,2,medewerkerNaam
RP378571,6,4,1,datumUitDienst
RY655694,6,2,1,medewerkerNaam
RY535701,6,2,1,medewerkerNaam
IC136229,6,2,2,datumUitDienst
RQ517195,6,2,2,medewerkerNaam
RY710255,6,2,2,medewerkerNaam
RS799697,6,3,1,datumUitDienst
IC242095,6,2,1,medewerkerNaam
IC271845,6,2,2,datumUitDienst
UA004623,6,2,2,medewerkerCode
RZ101349,6,2,2,medewerkerNaam
IC285469,6,2,1,datumUitDienst
IC233294,6,2,1,datumUitDienst
IC260117,6,2,1,datumUitDienst
RY279950,6,2,2,datumUitDienst
RZ347888,6,2,1,medewerkerNaam
IC282340,6,3,2,datumUitDienst
RW459494,6,2,2,medewerkerNaam
RY299637,6,2,1,datumUitDienst
IC181164,6,2,2,datumUitDienst
RQ278449,6,2,1,datumUitDienst
RY528621,6,2,2,medewerkerNaam
RY450511,6,2,2,datumUitDienst
RX236906,6,2,2,datumUitDienst
RX111370,6,2,2,datumUitDienst
RZ178395,6,2,2,medewerkerCode
RY984789,6,2,2,medewerkerNaam
RY782613,6,2,1,medewerkerCode
IC103350,6,2,2,medewerkerNaam
RW616836,6,3,1,datumUitDienst
RX417547,6,2,2,datumUitDienst
RX516175,6,2,2,datumUitDienst
IC263639,6,2,1,medewerkerNaam
RZ225387,6,2,1,datumUitDienst
RZ185453,6,2,1,medewerkerNaam
RQ278371,6,2,1,datumUitDienst
RY665171,6,2,1,datumUitDienst
RV777290,6,3,1,datumUitDienst
RY1006893,6,2,2,medewerkerNaam
RW470351,6,2,2,medewerkerNaam
RS789965,6,3,2,datumUitDienst
RY590289,6,2,2,medewerkerNaam
RX631928,6,2,2,medewerkerNaam
RO463032,6,2,1,medewerkerNaam
RY943372,6,2,1,datumUitDienst
RO480700,6,2,2,medewerkerNaam
RZ264168,6,2,2,medewerkerNaam
IC269506,6,2,1,datumUitDienst
RQ849927,6,2,1,medewerkerNaam
RX295434,6,2,1,datumUitDienst
IC282040,6,2,2,datumUitDienst
RV477222,6,2,1,datumUitDienst
RY701447,6,2,1,medewerkerNaam
RW906257,6,2,2,medewerkerNaam
RU125377,6,2,1,medewerkerNaam
IC231300,6,2,2,medewerkerNaam
RS657615,6,2,2,medewerkerNaam
RO517885,6,2,2,datumUitDienst
RZ249557,6,2,2,datumUitDienst
RY577352,6,2,1,medewerkerCode
RZ181446,6,2,1,medewerkerNaam
RO523562,6,2,2,datumUitDienst
UA009066,6,2,1,medewerkerCode
RV477456,6,2,2,datumUitDienst
RV924363,6,2,1,datumUitDienst
RX815092,6,2,2,datumUitDienst
RQ738661,6,2,2,datumUitDienst
IC283426,6,2,1,datumUitDienst
UA000623,6,2,2,medewerkerCode
IC182996,6,2,2,medewerkerNaam
RT128496,6,3,2,datumUitDienst
RY645119,6,2,2,datumUitDienst
IC255298,6,3,2,datumUitDienst
IC217721,6,2,2,datumUitDienst
RT380413,6,3,2,datumUitDienst
IC296592,6,2,2,medewerkerCode
RZ137794,6,2,1,datumUitDienst
RY495896,6,2,1,medewerkerNaam
IC295033,6,2,2,datumUitDienst
RX889250,6,2,1,medewerkerNaam
RX345632,6,2,1,datumUitDienst
UA009540,6,3,1,medewerkerNaam
IC208314,6,2,2,datumUitDienst
RX264499,6,2,2,medewerkerNaam
IC280095,6,2,1,medewerkerNaam
IC297331,6,3,2,datumUitDienst
IC231298,6,3,2,datumUitDienst
RZ168334,6,2,2,medewerkerNaam
RU126299,6,2,1,datumUitDienst
RX313045,6,2,1,medewerkerNaam
RY449393,6,2,2,datumUitDienst
RY600894,6,3,2,datumUitDienst
RU321874,6,2,1,medewerkerNaam
RX294537,6,2,1,medewerkerNaam
RO393597,6,2,2,datumUitDienst
IC217751,6,2,1,datumUitDienst
RQ347557,6,3,2,datumUitDienst
RW141467,6,2,2,medewerkerCode
RY537714,6,2,2,datumUitDienst
RY704716,6,3,2,datumUitDienst
RY416834,6,2,1,medewerkerNaam
RZ176199,6,2,1,datumUitDienst
RY965326,6,2,1,datumUitDienst
RY784629,6,2,2,datumUitDienst
RY195215,6,2,2,datumUitDienst
UA011555,6,2,1,datumUitDienst
IC208321,6,2,2,medewerkerCode
RV600384,6,2,2,datumUitDienst
RX281169,6,2,2,medewerkerNaam
RY992406,6,2,1,datumUitDienst
IC202706,6,2,1,datumUitDienst
RO438993,6,2,2,medewerkerNaam
RY964156,6,2,2,medewerkerNaam
IC269108,6,2,1,medewerkerCode
RX809572,6,2,1,datumUitDienst
RY789130,6,2,1,datumUitDienst
IC217308,6,2,1,datumUitDienst
IC248812,6,2,1,datumUitDienst
IC284668,6,2,2,datumUitDienst
IC118451,6,2,1,medewerkerNaam
IC209174,6,2,1,datumUitDienst
IC221500,6,2,2,datumUitDienst
RO679264,6,2,1,datumUitDienst
RV959076,6,2,1,medewerkerNaam
IC296901,6,2,1,medewerkerNaam
RV440165,6,2,1,medewerkerNaam
IC235694,6,3,2,datumUitDienst
UA004747,6,2,2,datumUitDienst
RV645373,6,2,2,datumUitDienst
RV751770,6,2,1,medewerkerNaam
RY862699,6,3,2,datumUitDienst
RZ245007,6,3,1,datumUitDienst
RY243031,6,2,1,medewerkerNaam
RY155897,6,3,1,datumUitDienst
RS815321,6,2,2,datumUitDienst
RZ286085,6,2,2,datumUitDienst
RT121111,6,2,1,datumUitDienst
IC221461,6,2,2,datumUitDienst
RY821788,6,3,1,datumUitDienst
RO224599,6,3,1,datumUitDienst
IC175246,6,2,1,medewerkerCode
RO551196,6,2,1,datumUitDienst
RX764385,6,2,2,datumUitDienst
RO798921,6,3,1,datumUitDienst
RY908879,6,2,1,datumUitDienst
RP885849,6,2,1,datumUitDienst
IC269227,6,2,1,medewerkerCode
RQ296022,6,2,1,medewerkerNaam
RW843634,6,2,2,medewerkerNaam
RP740280,6,2,2,medewerkerNaam
RU275577,6,3,2,datumUitDienst
RQ487578,6,2,1,medewerkerNaam
RW858534,6,2,2,datumUitDienst
RT1002856,6,2,1,datumUitDienst
IC268336,6,2,1,medewerkerNaam
RV320852,6,2,1,datumUitDienst
RO685964,6,2,1,datumUitDienst
RX584941,6,2,2,datumUitDienst
RO943664,6,2,1,datumUitDienst
RY732107,6,2,2,datumUitDienst
RY1010491,6,2,1,datumUitDienst
IC110951,6,2,1,datumUitDienst
IC248464,6,3,1,datumUitDienst
UA004497,6,2,2,datumUitDienst
RV484856,6,3,1,datumUitDienst
RP238145,6,2,1,medewerkerNaam
RX601148,6,2,1,medewerkerNaam
IC261248,6,2,2,datumUitDienst
RX702166,6,2,2,datumUitDienst
RO298000,6,2,1,medewerkerNaam
IC219318,6,2,1,datumUitDienst
RX502686,6,2,2,datumUitDienst
RO683154,6,2,2,datumUitDienst
IC233296,6,2,1,medewerkerNaam
UA001515,6,2,1,medewerkerCode
RP940690,6,2,2,medewerkerCode
RY241437,6,2,2,medewerkerNaam
RY678035,6,2,1,medewerkerNaam
IC263375,6,2,1,medewerkerCode
RQ522005,6,2,1,datumUitDienst
RZ252149,6,2,1,medewerkerNaam
RY146831,6,2,2,datumUitDienst
RO857739,6,3,2,datumUitDienst
RW219866,6,2,1,medewerkerNaam
UA006958,6,2,2,datumUitDienst
RY651784,6,3,2,datumUitDienst
RZ282937,6,2,2,datumUitDienst
IC255804,6,3,2,datumUitDienst
RS722470,6,3,2,datumUitDienst
RX831377,6,2,1,datumUitDienst
RV435476,6,2,1,datumUitDienst
IC295027,6,3,1,datumUitDienst
RX516363,6,2,1,medewerkerNaam
UA000743,6,2,2,medewerkerNaam
RQ913979,6,2,1,datumUitDienst
RY826636,6,2,1,datumUitDienst
RT186598,6,2,2,medewerkerNaam
RO521582,6,3,1,datumUitDienst
RZ322044,6,2,1,medewerkerNaam
IC286083,6,2,2,medewerkerNaam
RS873018,6,3,2,datumUitDienst
RX930458,6,2,1,datumUitDienst
RV671410,6,2,1,medewerkerNaam
RY459855,6,2,1,datumUitDienst
RX880268,6,2,2,datumUitDienst
RZ135166,6,2,1,datumUitDienst
RZ141053,6,3,2,datumUitDienst
RQ487233,6,2,1,datumUitDienst
RQ413914,6,2,1,medewerkerNaam
RY997676,6,2,1,medewerkerNaam
RW785324,6,2,1,medewerkerNaam
RY498991,6,3,1,datumUitDienst
RY503916,6,2,1,datumUitDienst
RV609042,6,2,1,medewerkerCode
RZ175616,6,2,1,medewerkerNaam
RO431835,6,2,1,medewerkerNaam
RO435618,6,2,1,datumUitDienst
RY853817,6,3,2,datumUitDienst
RO686346,6,2,1,medewerkerNaam
IC206777,6,3,1,datumUitDienst
RY943665,6,2,1,medewerkerNaam
RU267134,6,3,1,datumUitDienst
RY944230,6,2,1,medewerkerNaam
RV426281,6,2,1,medewerkerNaam
RZ218805,6,2,1,medewerkerNaam
RY851411,6,2,1,datumUitDienst
RO696651,6,3,1,datumUitDienst
RW743553,6,2,2,datumUitDienst
RO694652,6,3,2,datumUitDienst
RX490656,6,2,1,datumUitDienst
RY952512,6,2,1,datumUitDienst
RZ139387,6,2,1,datumUitDienst
RZ134752,6,2,2,datumUitDienst
RW535549,6,2,1,datumUitDienst
RY899974,6,2,1,datumUitDienst
IC217961,6,2,1,datumUitDienst
RY909972,6,2,1,medewerkerNaam
RX506990,6,3,1,datumUitDienst
RZ252279,6,2,2,datumUitDienst
RW221984,6,2,1,datumUitDienst
RZ245213,6,3,1,datumUitDienst
RY826299,6,2,1,medewerkerNaam
RZ272887,6,2,2,datumUitDienst
IC290965,6,3,1,datumUitDienst
RW529680,6,2,2,datumUitDienst
RY899828,6,3,2,datumUitDienst
RY1012689,6,2,2,datumUitDienst
RU122265,6,2,1,medewerkerNaam
RV700395,6,2,1,medewerkerNaam
RX421802,6,2,2,datumUitDienst
RZ275404,6,2,1,medewerkerNaam
RO104887,6,2,1,medewerkerNaam
IC209917,6,2,2,datumUitDienst
IC200519,6,2,2,medewerkerCode
RY508699,6,2,1,datumUitDienst
RV601359,6,3,1,datumUitDienst
IC294088,6,2,2,medewerkerNaam
RP940521,6,3,1,datumUitDienst
RZ256849,6,2,2,datumUitDienst
RV832793,6,3,2,datumUitDienst
RY900882,6,2,1,datumUitDienst
RY506013,6,2,1,datumUitDienst
RX428831,6,2,1,medewerkerNaam
IC290336,6,3,2,datumUitDienst
RY238314,6,2,1,datumUitDienst
RY746787,6,2,1,datumUitDienst
RX823469,6,2,1,medewerkerNaam
IC254817,6,2,2,datumUitDienst
IC245793,6,3,1,datumUitDienst
IC280591,6,3,1,datumUitDienst
RY952361,6,2,1,medewerkerNaam
RZ222372,6,2,1,datumUitDienst
IC287746,6,2,1,datumUitDienst
RY897987,6,2,2,datumUitDienst
IC218009,6,2,2,medewerkerCode
UA000924,6,2,2,medewerkerCode
RP882015,6,2,1,datumUitDienst
IC231227,6,2,1,datumUitDienst
RO681128,6,2,2,medewerkerCode
IC265033,6,3,2,datumUitDienst
RO992357,6,2,1,datumUitDienst
UA007304,6,2,1,datumUitDienst
RW523784,6,2,1,datumUitDienst
IC209918,6,2,2,medewerkerCode
RY416762,6,2,1,datumUitDienst
RP385289,6,2,2,medewerkerNaam
RP336825,6,3,1,datumUitDienst
RQ654820,6,2,2,medewerkerNaam
RX555811,6,2,1,datumUitDienst
UA001863,6,3,2,datumUitDienst
RY782003,6,3,2,datumUitDienst
RX635227,6,2,1,medewerkerNaam
RO712060,6,2,1,medewerkerNaam
RV644673,6,2,1,medewerkerNaam
RT450717,6,2,1,datumUitDienst
RX122818,6,2,2,medewerkerNaam
RY144215,6,2,1,datumUitDienst
RQ516834,6,2,1,medewerkerNaam
RO488588,6,2,1,datumUitDienst
IC283889,6,2,1,medewerkerCode
IC197328,6,3,2,datumUitDienst
RY527308,6,3,1,datumUitDienst
RX931124,6,2,2,medewerkerNaam
RO517058,6,2,1,medewerkerNaam
RX393186,6,2,1,datumUitDienst
RX333522,6,2,2,medewerkerNaam
IC275236,6,2,1,medewerkerCode
RX764233,6,2,1,medewerkerNaam
RY1005986,6,2,1,medewerkerNaam
RQ498860,6,2,1,datumUitDienst
RY144869,6,2,1,medewerkerNaam
UA005490,6,2,2,medewerkerCode
IC284576,6,3,2,datumUitDienst
RV747194,6,2,2,medewerkerNaam
RO134297,6,2,1,datumUitDienst
IC255767,6,2,2,medewerkerCode
RX302936,6,2,1,datumUitDienst
RQ565795,6,2,2,medewerkerNaam
RY104348,6,2,2,medewerkerNaam
RO393709,6,2,1,datumUitDienst
IC209501,6,3,1,datumUitDienst
RY857090,6,3,1,datumUitDienst
IC234175,6,3,2,datumUitDienst
RX503850,6,2,1,datumUitDienst
IC193305,6,2,2,datumUitDienst
RO520523,5,2,2,datumUitDienst
RY798383,5,2,1,medewerkerNaam
IC284812,5,2,2,datumUitDienst
IC197463,5,3,1,medewerkerCode
RW761237,5,1,2,medewerkerNaam
UA010100,5,3,2,datumUitDienst
RS833940,5,1,1,medewerkerNaam
RX328581,5,2,2,medewerkerNaam
RZ275363,5,2,2,medewerkerNaam
RO686839,5,2,1,medewerkerCode
RU126719,5,2,2,medewerkerCode
RZ272335,5,2,1,medewerkerNaam
RY286379,5,2,1,datumUitDienst
RW561505,5,2,1,medewerkerNaam
RO142452,5,2,1,medewerkerNaam
RT309943,5,2,1,medewerkerCode
RZ216512,5,2,2,medewerkerCode
UA004382,5,3,1,medewerkerNaam
RT1003783,5,2,2,datumUitDienst
RO683779,5,3,1,medewerkerNaam
IC254728,5,2,2,medewerkerNaam
IC286143,5,2,2,medewerkerCode
RT156780,5,2,1,medewerkerNaam
RZ246937,5,2,1,medewerkerNaam
RU590882,5,2,1,medewerkerNaam
RY666911,5,2,2,medewerkerNaam
IC198298,5,3,2,medewerkerNaam
RY799636,5,2,1,datumUitDienst
RX184901,5,2,2,medewerkerNaam
RV762453,5,3,1,functie
RX626800,4,2,2,medewerkerNaam
RY512987,4,2,1,datumUitDienst
RX941097,4,2,2,datumUitDienst
RY464029,4,2,2,medewerkerNaam
RU493537,4,2,1,medewerkerNaam
IC219359,4,2,1,datumUitDienst
IC219355,4,2,1,datumUitDienst
RU498895,4,3,1,datumUitDienst
IC295518,4,2,2,datumUitDienst
UA000482,4,2,2,medewerkerCode
RQ531222,4,2,2,datumUitDienst
RW163884,4,2,1,medewerkerNaam
UA003767,4,2,1,medewerkerNaam
RY457697,4,2,1,medewerkerNaam
RY654591,4,2,1,datumUitDienst
RZ147649,4,2,1,datumUitDienst
UA011777,4,2,2,datumUitDienst
RY239854,4,2,1,datumUitDienst
RX383227,4,3,1,datumUitDienst
RY962412,4,2,1,datumUitDienst
RX701598,4,3,1,datumUitDienst
RY866579,4,2,1,datumUitDienst
RX912951,4,2,1,datumUitDienst
RY541249,4,2,1,medewerkerNaam
RY651764,4,2,2,datumUitDienst
RQ621137,4,2,2,medewerkerNaam
RY662153,4,2,1,medewerkerNaam
RZ252890,4,2,1,medewerkerCode
RZ208871,4,2,1,medewerkerNaam
RQ712287,4,2,1,datumUitDienst
RY902258,4,2,1,medewerkerNaam
RP830570,4,2,2,datumUitDienst
RX876836,4,2,1,medewerkerNaam
RX787221,4,2,1,datumUitDienst
RV681612,4,3,1,datumUitDienst
RY500329,4,2,1,datumUitDienst
RY819064,4,2,1,medewerkerNaam
RX526226,4,2,1,datumUitDienst
UA009933,4,2,1,datumUitDienst
RX334887,4,2,2,medewerkerNaam
UA008291,4,2,1,medewerkerCode
RZ314429,4,2,1,medewerkerCode
RS477762,4,2,1,datumUitDienst
RY862427,4,3,1,datumUitDienst
RU467858,4,2,1,medewerkerNaam
IC253804,4,2,2,datumUitDienst
IC218589,4,2,1,medewerkerNaam
RV413419,4,2,1,medewerkerNaam
RY862322,4,2,2,medewerkerNaam
RT168051,4,2,2,medewerkerNaam
RZ205488,4,2,1,datumUitDienst
RS506747,4,3,1,datumUitDienst
RY984800,4,2,2,datumUitDienst
RQ491394,4,2,1,medewerkerNaam
RQ494019,4,2,1,medewerkerNaam
RY645178,4,2,1,medewerkerNaam
IC201021,4,2,2,datumUitDienst
IC277233,4,2,1,datumUitDienst
RS998975,4,2,1,medewerkerNaam
RX366592,4,2,2,medewerkerNaam
RQ795143,4,2,1,medewerkerNaam
RQ659805,4,2,1,medewerkerNaam
RY207706,4,2,2,datumUitDienst
RT187316,4,1,2,medewerkerCode
RX362220,4,2,1,datumUitDienst
RT185686,4,2,2,medewerkerNaam
RQ469046,4,2,1,datumUitDienst
RZ172949,4,2,2,medewerkerCode
RP774495,4,3,1,datumUitDienst
RX412661,4,2,1,medewerkerNaam
RP782877,4,2,1,medewerkerNaam
UA006910,4,2,1,medewerkerCode
IC279655,4,2,1,datumUitDienst
IC284993,4,2,2,medewerkerCode
RX448466,4,2,2,datumUitDienst
RY192453,4,2,1,datumUitDienst
IC268952,4,2,1,medewerkerNaam
RO858180,4,3,1,datumUitDienst
RZ338706,4,2,1,medewerkerNaam
RX540946,4,3,1,datumUitDienst
RP767756,4,2,2,medewerkerNaam
IC248479,4,2,1,medewerkerNaam
RX810293,4,2,2,medewerkerNaam
IC284695,4,2,2,medewerkerNaam
RO603555,4,2,1,datumUitDienst
RZ247160,4,2,1,medewerkerNaam
RV872017,4,2,1,datumUitDienst
RW788999,4,2,2,datumUitDienst
RY776423,4,2,1,datumUitDienst
RZ269471,4,2,1,datumUitDienst
RY860908,4,2,2,medewerkerNaam
IC286303,4,2,1,datumUitDienst
RZ314089,4,2,1,datumUitDienst
IC244481,4,3,1,datumUitDienst
RO339217,4,2,1,medewerkerNaam
IC124906,4,2,1,medewerkerNaam
RY944534,4,2,1,datumUitDienst
RQ420491,4,2,1,datumUitDienst
RY654788,4,2,2,medewerkerNaam
RO525862,4,2,2,datumUitDienst
RO177733,4,2,1,datumUitDienst
RO519232,4,2,1,medewerkerNaam
RW597092,4,2,1,datumUitDienst
RO516989,4,2,1,medewerkerNaam
RQ579843,4,2,1,datumUitDienst
RZ277924,4,3,1,datumUitDienst
UA011866,4,2,1,datumUitDienst
RV845463,4,2,1,medewerkerNaam
RY707467,4,3,1,datumUitDienst
RY931723,4,2,1,medewerkerCode
RO397487,4,2,1,medewerkerNaam
RY631237,4,2,2,medewerkerNaam
RY672606,4,2,1,medewerkerNaam
RQ500143,4,2,1,datumUitDienst
RT378535,4,2,1,medewerkerNaam
RY419213,4,2,2,datumUitDienst
RZ261924,4,2,2,medewerkerNaam
RS846997,4,2,2,datumUitDienst
IC246416,4,2,2,medewerkerCode
IC287607,4,2,2,datumUitDienst
IC293798,4,2,2,datumUitDienst
RQ490110,4,2,1,datumUitDienst
RZ174253,4,2,2,medewerkerCode
RS644691,4,2,1,datumUitDienst
UA008583,4,2,1,datumUitDienst
RW826407,4,2,1,datumUitDienst
RY418232,4,2,1,datumUitDienst
IC175396,4,2,1,medewerkerNaam
RP289340,4,2,1,datumUitDienst
RS351026,4,2,1,datumUitDienst
RY990145,4,3,1,datumUitDienst
RY653670,4,2,1,medewerkerNaam
RX789096,4,2,1,medewerkerNaam
RY835181,4,2,2,medewerkerNaam
IC215286,4,2,2,datumUitDienst
IC109205,4,2,1,medewerkerNaam
RX481322,4,3,2,datumUitDienst
IC178405,4,2,1,medewerkerNaam
RQ474489,4,2,2,datumUitDienst
RQ644565,4,2,2,medewerkerNaam
RX813772,4,2,1,medewerkerNaam
IC267684,4,2,2,medewerkerNaam
RP137108,4,2,1,datumUitDienst
UA007669,4,2,1,medewerkerCode
IC286840,4,2,2,medewerkerNaam
IC217924,4,3,1,datumUitDienst
RO1021558,4,2,2,datumUitDienst
IC221878,4,2,2,medewerkerCode
IC272622,4,2,1,datumUitDienst
UA000341,4,2,1,datumUitDienst
RY938153,4,3,1,datumUitDienst
RP160369,4,2,1,datumUitDienst
IC250902,4,2,1,datumUitDienst
IC263320,4,2,2,medewerkerNaam
RT457584,4,2,1,datumUitDienst
RY539019,4,2,1,medewerkerCode
RX290525,4,2,1,medewerkerNaam
RP731940,4,2,1,medewerkerNaam
RX421435,4,2,2,medewerkerNaam
RW659385,4,2,2,medewerkerNaam
RY367406,4,2,2,medewerkerNaam
UA004730,4,2,1,medewerkerCode
RY478416,4,2,2,medewerkerNaam
RY526399,4,2,1,medewerkerCode
IC216459,4,2,1,medewerkerCode
IC129287,4,2,1,medewerkerNaam
RY665520,4,2,2,datumUitDienst
IC216246,4,1,2,medewerkerCode
RP926367,4,2,1,datumUitDienst
RX871822,4,2,1,medewerkerCode
RZ315773,4,2,1,datumUitDienst
RY538325,4,2,1,datumUitDienst
RY820723,4,2,1,datumUitDienst
UA007299,4,2,1,datumUitDienst
IC204142,4,2,1,medewerkerCode
RZ141111,4,2,1,datumUitDienst
RO1019627,4,2,1,datumUitDienst
RX635608,4,2,1,medewerkerNaam
IC239292,4,2,2,datumUitDienst
RV415986,4,2,2,medewerkerNaam
RZ133820,4,2,2,datumUitDienst
IC246870,4,3,1,datumUitDienst
RQ515988,4,2,1,medewerkerNaam
RQ487319,4,2,1,medewerkerNaam
RY1006264,4,2,1,datumUitDienst
RW790477,4,3,1,datumUitDienst
RU125806,4,3,2,medewerkerNaam
RZ181514,4,2,2,datumUitDienst
RQ491058,4,2,1,medewerkerNaam
RQ468751,4,3,1,datumUitDienst
IC270257,4,2,1,medewerkerCode
RV338500,4,2,1,medewerkerNaam
IC207190,4,2,2,medewerkerNaam
RO707200,4,2,2,datumUitDienst
RX187328,4,2,1,afdelingCode
RY459854,4,2,1,datumUitDienst
RY476361,4,2,1,medewerkerNaam
IC276315,4,2,1,datumUitDienst
RT336877,4,2,1,medewerkerNaam
RQ520462,4,2,1,medewerkerNaam
RZ289327,4,2,1,datumUitDienst
IC285320,4,2,1,medewerkerCode
UA004089,4,2,2,medewerkerNaam
RZ211516,4,2,1,datumUitDienst
RQ118629,4,2,1,datumUitDienst
RY967936,4,2,2,datumUitDienst
RO138161,4,2,1,medewerkerNaam
RQ917528,4,2,1,medewerkerNaam
IC289854,4,2,2,medewerkerCode
RQ778764,4,2,1,datumUitDienst
RZ256946,4,2,2,datumUitDienst
RQ470273,4,2,1,medewerkerNaam
IC191321,4,2,1,medewerkerNaam
RP547732,4,2,1,datumUitDienst
RQ566777,4,2,1,datumUitDienst
RS820875,4,2,1,medewerkerNaam
IC242901,4,2,1,datumUitDienst
RX273678,4,2,1,datumUitDienst
RX506641,4,2,1,medewerkerCode
RZ352644,4,2,1,datumUitDienst
IC287730,4,2,1,datumUitDienst
RP120188,4,1,2,medewerkerNaam
RY109864,4,2,2,medewerkerNaam
UA007358,4,3,2,datumUitDienst
RY741701,4,2,1,medewerkerNaam
IC294944,4,2,1,datumUitDienst
RY758268,4,2,1,medewerkerNaam
RX246486,4,2,1,datumUitDienst
RV893551,4,2,2,medewerkerNaam
RP131575,4,2,2,medewerkerNaam
RW777402,4,2,1,medewerkerNaam
RZ187031,4,2,1,medewerkerNaam
IC112224,4,2,2,datumUitDienst
IC246577,4,2,2,datumUitDienst
RX555045,4,2,2,medewerkerCode
RY896529,4,2,1,medewerkerNaam
RY418941,4,2,2,datumUitDienst
RY893914,4,2,1,medewerkerNaam
RP416107,4,2,1,datumUitDienst
RV450503,4,3,1,datumUitDienst
RY527441,4,2,1,datumUitDienst
UA006478,4,2,1,medewerkerCode
RX295580,4,2,2,datumUitDienst
RQ484411,4,2,1,medewerkerNaam
RY953347,4,2,1,medewerkerNaam
IC236123,4,2,2,medewerkerCode
RZ286049,4,2,1,medewerkerNaam
IC244449,4,2,1,datumUitDienst
RX776985,4,2,1,datumUitDienst
RY994068,4,2,2,datumUitDienst
RV637301,4,2,1,datumUitDienst
RP307564,4,2,1,medewerkerNaam
IC273416,4,3,2,datumUitDienst
RX634692,4,2,1,medewerkerNaam
RZ138908,4,2,1,datumUitDienst
IC122329,4,2,2,medewerkerNaam
IC287294,4,2,1,medewerkerCode
RX253403,4,2,2,medewerkerCode
RY1010441,4,2,1,datumUitDienst
RY940159,4,2,1,medewerkerNaam
IC204028,4,2,1,medewerkerCode
IC297234,4,2,1,datumUitDienst
RV344523,4,2,1,datumUitDienst
RV742167,4,2,2,datumUitDienst
RY751617,4,2,1,medewerkerCode
RX324604,4,2,1,datumUitDienst
RX764378,4,2,2,medewerkerNaam
RO947750,4,2,1,datumUitDienst
IC217831,4,2,2,medewerkerCode
RV129938,4,2,2,datumUitDienst
RZ275546,4,2,1,datumUitDienst
IC168619,4,2,1,datumUitDienst
IC114957,4,2,1,medewerkerNaam
RX417295,4,2,1,datumUitDienst
RO215259,4,2,2,medewerkerNaam
RW968798,4,2,2,medewerkerNaam
IC248437,4,2,1,datumUitDienst
RY1010843,4,2,1,medewerkerCode
RY944177,4,2,1,medewerkerNaam
RO125195,4,2,1,medewerkerNaam
RX679890,4,2,1,datumUitDienst
RX474916,4,2,1,datumUitDienst
IC141792,4,2,2,datumUitDienst
RY232043,4,2,1,datumUitDienst
RX764396,4,2,1,medewerkerNaam
RZ146188,4,2,2,datumUitDienst
IC252853,4,2,2,medewerkerCode
RX810218,4,2,1,datumUitDienst
RZ314486,4,2,1,medewerkerNaam
RU584115,4,3,1,datumUitDienst
RY643181,4,2,1,medewerkerNaam
RU699691,4,2,2,medewerkerNaam
IC192494,4,1,2,medewerkerCode
RV575972,4,2,1,datumUitDienst
RT378589,4,2,1,medewerkerNaam
RZ248416,4,2,1,medewerkerNaam
RT443990,4,2,2,datumUitDienst
RX915459,4,2,1,datumUitDienst
RY705514,4,2,2,datumUitDienst
UA000254,4,2,1,datumUitDienst
RY734508,4,2,1,medewerkerNaam
RO311080,4,2,1,medewerkerNaam
RZ266675,4,2,1,medewerkerCode
RQ115858,4,3,2,datumUitDienst
IC192352,4,3,2,datumUitDienst
RU124830,4,2,1,datumUitDienst
IC294845,4,2,2,datumUitDienst
RY182481,4,2,1,datumUitDienst
RP783161,4,2,1,datumUitDienst
RQ360674,4,2,1,datumUitDienst
RX488572,4,2,1,medewerkerNaam
RX815182,4,2,1,medewerkerNaam
RO626597,4,2,2,medewerkerNaam
IC167134,4,2,1,datumUitDienst
RP149569,4,2,1,medewerkerNaam
IC295995,4,3,1,datumUitDienst
RX408672,4,2,2,medewerkerNaam
IC280147,4,3,1,datumUitDienst
RX357117,4,2,1,datumUitDienst
IC203507,4,2,2,medewerkerCode
RY943595,4,2,2,datumUitDienst
RX790930,4,2,1,datumUitDienst
RY405238,4,2,1,medewerkerNaam
RO328440,4,2,1,datumUitDienst
RP528345,4,2,1,datumUitDienst
RY894873,4,2,1,datumUitDienst
IC237262,4,2,1,datumUitDienst
RS834130,4,2,1,medewerkerNaam
RY686294,4,2,1,medewerkerNaam
RO337158,4,2,1,datumUitDienst
RV625751,4,2,1,datumUitDienst
RX764327,4,2,1,datumUitDienst
RU125913,4,2,1,datumUitDienst
IC257468,4,2,1,datumUitDienst
RX588223,4,2,1,medewerkerNaam
RX502615,4,2,1,medewerkerCode
RZ288098,4,2,1,datumUitDienst
RY956141,4,2,1,datumUitDienst
RO475630,4,2,1,datumUitDienst
RY655376,4,2,1,datumUitDienst
RW886161,4,3,2,datumUitDienst
RY691830,4,2,1,datumUitDienst
RO126644,4,2,2,medewerkerCode
RP663934,4,2,1,medewerkerNaam
IC220462,4,2,1,medewerkerCode
UA000546,4,2,2,datumUitDienst
RY584954,4,3,2,datumUitDienst
RX936566,4,2,2,medewerkerNaam
RY671379,4,2,1,datumUitDienst
RO992457,4,2,1,medewerkerNaam
RY421632,4,2,1,medewerkerNaam
RO142032,4,2,2,datumUitDienst
IC285456,4,2,1,medewerkerNaam
RV854430,4,2,1,medewerkerNaam
RW858447,4,2,1,medewerkerNaam
RY988130,4,2,1,medewerkerNaam
RX537362,4,2,2,datumUitDienst
RZ185496,4,2,1,datumUitDienst
IC217201,4,2,1,medewerkerNaam
RQ516291,4,2,1,medewerkerNaam
RW783587,4,2,1,datumUitDienst
RX775997,4,2,1,datumUitDienst
RY705170,4,2,1,medewerkerCode
IC245035,4,2,2,datumUitDienst
IC201692,4,2,1,datumUitDienst
IC290467,4,2,2,medewerkerCode
RV403919,4,2,1,medewerkerNaam
RY750634,4,2,2,medewerkerNaam
RO367724,4,2,2,datumUitDienst
RO338155,4,2,1,datumUitDienst
IC112574,4,2,1,medewerkerCode
IC150801,4,2,1,datumUitDienst
RP823115,4,2,1,medewerkerNaam
RX333030,4,2,2,medewerkerNaam
IC217909,4,2,2,medewerkerCode
RZ245769,4,2,2,medewerkerNaam
RZ216706,4,2,1,datumUitDienst
IC285881,4,2,1,datumUitDienst
RQ420692,4,2,1,medewerkerNaam
RX551951,4,2,1,datumUitDienst
RO1029975,4,2,1,medewerkerNaam
RY671797,4,2,1,datumUitDienst
RY741232,4,2,1,datumUitDienst
RZ209579,4,2,1,datumUitDienst
RX816278,4,2,1,medewerkerNaam
RQ519773,4,2,1,medewerkerNaam
RZ338634,4,2,1,medewerkerNaam
RT996895,4,2,1,medewerkerCode
IC282225,4,2,1,datumUitDienst
RO779984,4,2,1,datumUitDienst
RY735102,4,2,1,medewerkerCode
RP160708,4,2,1,datumUitDienst
IC286987,4,2,2,datumUitDienst
UA004112,4,3,2,datumUitDienst
RP703559,4,2,2,medewerkerNaam
RY856582,4,2,2,datumUitDienst
RW644271,4,2,1,medewerkerNaam
RY530625,4,2,1,datumUitDienst
RS811810,4,2,1,medewerkerCode
RV450332,4,2,1,datumUitDienst
RQ461354,4,2,2,medewerkerNaam
RX333405,4,2,2,medewerkerNaam
IC217761,4,2,1,datumUitDienst
RO308494,4,2,1,medewerkerNaam
RP820300,4,2,1,datumUitDienst
RY146432,4,2,1,datumUitDienst
RZ317272,4,2,1,medewerkerNaam
IC212486,4,2,2,medewerkerCode
RV740140,4,2,2,medewerkerNaam
RZ259363,4,2,1,datumUitDienst
IC102224,4,2,1,datumUitDienst
RS724760,4,2,1,datumUitDienst
IC218087,4,3,1,datumUitDienst
RV467573,4,2,1,medewerkerNaam
UA008069,4,2,1,medewerkerCode
RY1006904,4,2,1,medewerkerNaam
IC242207,4,3,1,datumUitDienst
RU125900,4,3,1,datumUitDienst
RY707135,4,2,1,medewerkerNaam
RY674766,4,3,2,datumUitDienst
RY195417,4,2,1,datumUitDienst
RY944404,4,2,1,medewerkerNaam
RZ293268,4,2,2,datumUitDienst
RY620505,4,2,2,datumUitDienst
RY743443,4,2,1,datumUitDienst
IC209919,4,2,2,medewerkerCode
RV524960,4,2,1,medewerkerNaam
RO991489,4,2,1,datumUitDienst
RO407878,4,2,1,datumUitDienst
RZ214173,4,2,1,datumUitDienst
IC122569,4,2,1,medewerkerNaam
IC204060,4,2,1,medewerkerCode
RY866788,4,2,1,medewerkerCode
RY781507,4,2,2,datumUitDienst
RU202860,4,2,1,datumUitDienst
RU690337,4,2,1,medewerkerNaam
RV491002,4,2,1,medewerkerCode
RX826278,4,2,2,medewerkerCode
IC226661,4,3,1,datumUitDienst
RQ460595,4,2,1,datumUitDienst
IC226766,4,3,1,datumUitDienst
RY134914,4,2,1,medewerkerCode
RW779315,4,2,1,datumUitDienst
RX699816,4,2,2,datumUitDienst
RY140766,4,2,1,medewerkerNaam
RY866784,4,3,1,medewerkerCode
RQ621135,4,2,1,medewerkerNaam
RQ480890,4,2,1,datumUitDienst
IC284698,4,3,1,datumUitDienst
RO407939,4,2,1,datumUitDienst
RQ489394,4,2,1,datumUitDienst
IC295357,4,3,2,datumUitDienst
RQ514419,4,2,1,datumUitDienst
RZ351460,4,2,1,datumUitDienst
RO729800,4,2,2,medewerkerNaam
RX126807,4,2,2,datumUitDienst
IC287770,4,2,1,datumUitDienst
UA004997,4,2,2,datumUitDienst
RZ207249,4,2,1,datumUitDienst
RO865330,4,2,2,datumUitDienst
RY996620,4,2,1,medewerkerNaam
RX843891,4,2,2,medewerkerNaam
IC253115,4,2,2,datumUitDienst
RY942764,4,2,1,datumUitDienst
RP630531,4,2,1,datumUitDienst
RQ518143,4,2,2,medewerkerNaam
RY619572,4,2,2,datumUitDienst
RW937905,4,2,1,datumUitDienst
UA000744,4,2,1,medewerkerCode
RY951728,4,2,1,medewerkerNaam
RX223649,4,2,2,datumUitDienst
UA005763,4,2,2,datumUitDienst
RZ187001,4,2,1,medewerkerNaam
RU122137,4,2,1,datumUitDienst
RY895064,4,2,2,datumUitDienst
UA005647,4,2,1,datumUitDienst
RP152718,4,2,1,medewerkerNaam
RX942219,4,2,1,medewerkerNaam
IC282967,4,2,2,datumUitDienst
RX881975,4,2,1,medewerkerNaam
RU205654,4,2,2,datumUitDienst
RX766787,4,2,1,medewerkerCode
RW146048,4,2,2,datumUitDienst
IC286477,4,2,1,datumUitDienst
RW939688,4,2,1,medewerkerNaam
IC151721,4,2,1,datumUitDienst
RX543910,4,2,1,datumUitDienst
RY506197,4,2,1,medewerkerNaam
RP529201,4,2,1,medewerkerNaam
RX842373,4,2,1,datumUitDienst
RY526349,4,2,2,medewerkerGeboortedatum
RO331805,4,2,2,datumUitDienst
IC183157,4,2,1,medewerkerNaam
RX474189,4,2,2,medewerkerCode
RY641767,4,2,2,medewerkerNaam
RP238315,4,2,1,medewerkerNaam
IC295952,4,3,1,datumUitDienst
RX290177,4,2,1,medewerkerNaam
RV594664,4,1,2,medewerkerCode
IC138715,4,2,1,datumUitDienst
RS108117,4,2,1,medewerkerCode
IC217959,4,3,1,datumUitDienst
RY450084,4,2,2,datumUitDienst
RY274824,4,3,2,medewerkerCode
IC259292,4,2,2,datumUitDienst
IC246873,4,2,2,datumUitDienst
RQ583206,4,2,2,medewerkerNaam
RQ886104,4,3,1,datumUitDienst
IC258326,4,3,2,datumUitDienst
RP303469,4,2,1,datumUitDienst
RZ317024,4,2,1,datumUitDienst
IC232740,4,2,1,datumUitDienst
RQ945859,4,2,1,datumUitDienst
RX874518,4,2,1,datumUitDienst
RO847424,4,3,1,datumUitDienst
IC290193,4,2,1,datumUitDienst
RZ288638,4,2,2,medewerkerNaam
IC284008,4,2,1,medewerkerNaam
RY730258,4,2,1,datumUitDienst
RX888363,4,2,2,datumUitDienst
RO123793,4,2,1,medewerkerNaam
RY631285,4,2,2,medewerkerGeboortedatum
RX831054,4,2,1,medewerkerNaam
IC204385,4,2,2,medewerkerCode
RQ484026,4,2,1,datumUitDienst
RW103492,4,2,1,medewerkerNaam
IC229432,4,2,1,datumUitDienst
RX695320,4,2,1,medewerkerNaam
IC136232,4,2,2,datumUitDienst
RO364522,4,2,1,medewerkerNaam
RY139830,4,2,1,datumUitDienst
RY940344,4,2,1,medewerkerNaam
RZ250145,4,2,1,medewerkerNaam
RO381779,4,2,1,medewerkerNaam
RY102035,4,2,1,medewerkerNaam
RY292179,4,2,2,datumUitDienst
RW752126,4,2,1,medewerkerNaam
RV856332,4,2,2,datumUitDienst
IC204937,4,2,1,datumUitDienst
UA000621,4,2,1,medewerkerCode
RU519515,4,2,1,datumUitDienst
RX299656,4,2,1,medewerkerNaam
RS645021,4,2,1,medewerkerNaam
RX489153,4,2,1,datumUitDienst
RP153490,4,2,1,datumUitDienst
RZ268913,4,3,1,datumUitDienst
IC260900,4,2,1,medewerkerNaam
RV421002,4,2,1,datumUitDienst
RX184913,4,2,2,medewerkerCode
UA002094,4,3,2,datumUitDienst
RX279036,4,2,1,datumUitDienst
RT318881,4,2,1,datumUitDienst
RW750672,4,2,1,datumUitDienst
RT953478,4,2,1,medewerkerNaam
RP774356,4,2,2,medewerkerNaam
RX294895,4,2,1,datumUitDienst
RP282981,4,2,1,datumUitDienst
RQ118190,4,2,1,datumUitDienst
IC238502,4,3,2,datumUitDienst
RU637105,4,2,1,medewerkerNaam
RQ486812,4,2,1,datumUitDienst
IC289251,4,2,2,medewerkerCode
RX611751,4,2,1,datumUitDienst
RY540157,4,2,2,datumUitDienst
RW586768,4,2,2,datumUitDienst
RP238233,4,2,1,medewerkerNaam
RY616912,4,2,1,medewerkerNaam
UA002803,4,3,1,datumUitDienst
IC273183,4,2,2,datumUitDienst
IC132360,4,2,1,datumUitDienst
IC231642,4,3,1,datumUitDienst
RY512944,4,2,2,datumUitDienst
IC296180,4,2,1,medewerkerCode
RY788754,4,2,1,datumUitDienst
RW906518,4,2,1,datumUitDienst
RZ216573,4,2,1,medewerkerNaam
RQ519059,4,2,2,medewerkerNaam
RY108875,4,2,1,datumUitDienst
RY101440,4,2,2,datumUitDienst
RQ591021,4,3,1,datumUitDienst
RY451850,4,2,1,medewerkerNaam
RZ109298,4,2,2,medewerkerNaam
IC294394,4,2,2,datumUitDienst
RY457375,4,2,1,datumUitDienst
RZ211002,4,2,1,datumUitDienst
IC228352,4,2,2,medewerkerNaam
IC208287,4,1,2,medewerkerCode
RZ213930,4,2,1,datumUitDienst
IC238171,4,2,2,datumUitDienst
RX591777,4,2,1,medewerkerNaam
RX401009,4,2,1,datumUitDienst
RO1019479,4,2,1,medewerkerNaam
RX939451,4,3,2,datumUitDienst
IC151186,3,2,1,medewerkerNaam
RO1019677,3,2,2,medewerkerNaam
RY757533,3,2,1,medewerkerNaam
UA005388,3,3,1,datumUitDienst
RX559547,3,2,1,medewerkerNaam
RZ288168,3,2,1,datumUitDienst
IC134671,3,2,1,datumUitDienst
IC124103,3,2,1,medewerkerCode
RY647135,3,2,2,medewerkerNaam
RT337404,3,2,1,medewerkerNaam
RP733149,3,2,1,medewerkerNaam
RY785942,3,1,1,medewerkerCode
IC123981,3,1,1,datumUitDienst
RP385567,3,1,2,medewerkerNaam
RP432863,3,1,1,medewerkerCode
RY746287,3,2,1,datumUitDienst
RP401704,3,2,1,medewerkerNaam
RY989306,3,2,1,medewerkerCode
IC297237,3,2,1,medewerkerNaam
RV418433,3,2,1,datumUitDienst
RQ706101,3,2,1,medewerkerNaam
IC223780,3,2,2,medewerkerNaam
UA006711,3,3,2,datumUitDienst
IC282579,3,3,1,medewerkerCode
IC245842,3,1,1,medewerkerCode
RP828234,3,2,2,medewerkerNaam
RY823606,3,1,1,datumUitDienst
RZ146556,3,3,1,medewerkerGeboortedatum
RO354232,3,2,1,medewerkerNaam
RO812957,3,2,1,datumUitDienst
RX173799,3,2,2,medewerkerNaam
IC218086,3,3,1,afdelingCode
RZ205873,3,2,2,medewerkerCode
RY248767,2,2,1,medewerkerNaam
RY542929,2,2,1,datumUitDienst
RQ488764,2,2,1,datumUitDienst
RP643204,2,2,1,datumUitDienst
RT187332,2,2,1,datumUitDienst
RY867826,2,2,1,datumUitDienst
IC216627,2,1,1,datumUitDienst
RY622226,2,2,1,medewerkerNaam
RY825378,2,2,1,datumUitDienst
RQ522039,2,2,1,datumUitDienst
RY998635,2,2,1,medewerkerNaam
IC204068,2,2,1,medewerkerCode
IC120814,2,2,1,datumUitDienst
RO334624,2,2,1,datumUitDienst
RZ284344,2,2,1,datumUitDienst
RZ243056,2,2,1,medewerkerNaam
RW494398,2,2,1,datumUitDienst
IC292522,2,2,1,datumUitDienst
RO442929,2,2,1,datumUitDienst
RZ178730,2,2,1,medewerkerNaam
RZ148833,2,2,1,datumUitDienst
RQ462235,2,2,1,medewerkerNaam
IC217770,2,2,1,medewerkerNaam
UA007344,2,2,1,medewerkerNaam
IC100655,2,2,1,medewerkerNaam
RY954737,2,2,1,medewerkerNaam
RO685344,2,2,1,datumUitDienst
RZ313707,2,2,1,datumUitDienst
RP157984,2,2,1,medewerkerCode
RX929652,2,2,1,datumUitDienst
IC258587,2,2,1,datumUitDienst
RV785372,2,2,1,datumUitDienst
RZ248554,2,2,1,medewerkerNaam
RP930134,2,2,1,medewerkerNaam
RY1011120,2,2,1,medewerkerCode
RW911023,2,2,1,datumUitDienst
RT372156,2,2,1,datumUitDienst
RO938544,2,2,1,medewerkerNaam
RQ346970,2,2,1,datumUitDienst
IC282036,2,2,1,medewerkerNaam
RZ276243,2,2,1,medewerkerNaam
RS973719,2,2,1,medewerkerNaam
IC251325,2,2,1,datumUitDienst
RY542815,2,2,1,medewerkerCode
IC223332,2,2,1,datumUitDienst
IC204755,2,2,1,datumUitDienst
RZ289738,2,2,1,medewerkerNaam
RO614718,2,2,1,datumUitDienst
RP541309,2,2,1,datumUitDienst
IC121159,2,2,1,medewerkerNaam
RV918781,2,2,1,medewerkerNaam
RY967362,2,2,1,medewerkerNaam
IC216930,2,2,1,datumUitDienst
RQ457420,2,2,1,datumUitDienst
RY622335,2,2,1,datumUitDienst
IC238160,2,2,1,medewerkerCode
RY685478,2,2,1,medewerkerCode
IC259733,2,2,1,medewerkerCode
RQ524554,2,2,1,datumUitDienst
IC236289,2,2,1,datumUitDienst
IC120249,2,2,1,medewerkerNaam
IC132439,2,1,1,medewerkerNaam
RO371692,2,2,1,datumUitDienst
RS424802,2,2,1,medewerkerNaam
RX377426,2,2,1,medewerkerNaam
IC240256,2,2,1,datumUitDienst
RV666030,2,2,1,datumUitDienst
RY817812,2,2,1,datumUitDienst
RO685963,2,2,1,datumUitDienst
RY708757,2,2,1,medewerkerCode
IC217893,2,2,1,datumUitDienst
RX473472,2,2,1,datumUitDienst
UA005379,2,2,1,datumUitDienst
RZ306699,2,2,1,datumUitDienst
UA009182,2,2,1,datumUitDienst
RV379267,2,2,1,datumUitDienst
RQ472812,2,2,1,medewerkerNaam
RQ549533,2,2,1,medewerkerNaam
IC290546,2,2,1,datumUitDienst
RX636051,2,2,1,datumUitDienst
RY827969,2,2,1,medewerkerNaam
RV337825,2,2,1,medewerkerNaam
RQ513479,2,2,1,datumUitDienst
RQ493499,2,2,1,datumUitDienst
RO500397,2,2,1,medewerkerCode
RX486245,2,2,1,datumUitDienst
IC284153,2,2,1,datumUitDienst
RX814350,2,2,1,medewerkerCode
RV396348,2,2,1,datumUitDienst
RT340914,2,2,1,medewerkerNaam
RY664086,2,2,1,datumUitDienst
RY686394,2,2,1,medewerkerNaam
RP782779,2,2,1,medewerkerNaam
IC102680,2,2,1,medewerkerCode
IC204051,2,2,1,medewerkerCode
RQ516166,2,2,1,medewerkerNaam
RV821860,2,2,1,datumUitDienst
RP530657,2,2,1,datumUitDienst
RY665691,2,2,1,datumUitDienst
RY797614,2,2,1,datumUitDienst
IC240837,2,2,1,medewerkerNaam
RO752298,2,2,1,datumUitDienst
RQ522541,2,2,1,datumUitDienst
RQ523968,2,2,1,datumUitDienst
RO967642,2,2,1,datumUitDienst
UA010616,2,1,1,medewerkerCode
RQ462532,2,2,1,medewerkerNaam
RZ287644,2,2,1,datumUitDienst
IC295901,2,2,1,datumUitDienst
UA008446,2,2,1,medewerkerNaam
IC116402,2,2,1,medewerkerNaam
RO987604,2,2,1,datumUitDienst
IC230077,2,2,1,datumUitDienst
RY867828,2,2,1,medewerkerNaam
IC288999,2,2,1,medewerkerCode
RO974570,2,2,1,datumUitDienst
RY1000767,2,2,1,medewerkerNaam
RQ456529,2,2,1,medewerkerNaam
RW104561,2,2,1,datumUitDienst
RP452277,2,2,1,medewerkerCode
IC199787,2,2,1,datumUitDienst
RX492604,2,2,1,medewerkerNaam
IC207126,2,2,1,datumUitDienst
RY439268,2,2,1,medewerkerNaam
RQ483988,2,2,1,medewerkerNaam
RQ464881,2,2,1,datumUitDienst
RX101227,2,2,1,medewerkerNaam
RZ176490,2,2,1,datumUitDienst
IC261884,2,2,1,medewerkerCode
RW998650,2,2,1,datumUitDienst
RQ494984,2,2,1,datumUitDienst
RY1006892,2,2,1,datumUitDienst
IC204761,2,2,1,datumUitDienst
RV398160,2,2,1,datumUitDienst
RX391201,2,2,1,medewerkerCode
RQ745463,2,2,1,datumUitDienst
RV668772,2,2,1,datumUitDienst
RY463826,2,2,1,medewerkerNaam
RS635111,2,2,1,medewerkerNaam
RO214306,2,2,1,medewerkerNaam
RY1012242,2,2,1,medewerkerNaam
RZ174680,2,2,1,datumUitDienst
RY202869,2,2,1,datumUitDienst
RY374584,2,2,1,medewerkerNaam
IC284696,2,2,1,medewerkerCode
RX295357,2,2,1,datumUitDienst
RZ278674,2,2,1,datumUitDienst
IC204246,2,2,1,medewerkerCode
IC226961,2,2,1,medewerkerCode
RY660383,2,2,1,datumUitDienst
RZ358752,2,2,1,medewerkerNaam
IC291425,2,2,1,datumUitDienst
RW1006770,2,2,1,medewerkerNaam
IC294426,2,2,1,medewerkerCode
RQ524177,2,2,1,datumUitDienst
RZ109875,2,2,1,datumUitDienst
RX665976,2,1,1,medewerkerGeboortedatum
RY731616,2,2,1,datumUitDienst
RQ849004,2,2,1,datumUitDienst
UA000299,2,2,1,medewerkerNaam
RX263653,2,2,1,datumUitDienst
IC194882,2,2,1,datumUitDienst
RQ490190,2,2,1,medewerkerNaam
RY860887,2,2,1,medewerkerNaam
RX777939,2,2,1,datumUitDienst
RY940261,2,2,1,medewerkerNaam
IC253791,2,2,1,medewerkerCode
RX589666,2,2,1,medewerkerNaam
RP190893,2,2,1,medewerkerNaam
IC208282,2,2,1,medewerkerNaam
RQ494374,2,2,1,datumUitDienst
IC290747,2,2,1,datumUitDienst
IC213884,2,2,1,datumUitDienst
RQ531161,2,2,1,datumUitDienst
RQ423463,2,2,1,medewerkerNaam
RX591389,2,2,1,medewerkerCode
RO587485,2,2,1,medewerkerNaam
UA010605,2,2,1,medewerkerCode
RZ206884,2,2,1,medewerkerNaam
IC248526,2,2,1,datumUitDienst
RY653353,2,2,1,medewerkerCode
RX311937,2,2,1,datumUitDienst
IC217841,2,2,1,medewerkerNaam
RY1006884,2,2,1,datumUitDienst
IC138783,2,2,1,datumUitDienst
RX921529,2,2,1,datumUitDienst
RX381947,2,2,1,datumUitDienst
IC109727,2,2,1,medewerkerNaam
IC217950,2,2,1,datumUitDienst
RO864677,2,2,1,medewerkerNaam
RX942195,2,2,1,medewerkerNaam
RP616364,2,2,1,medewerkerNaam
RX274096,2,2,1,medewerkerNaam
RO991109,2,2,1,medewerkerNaam
RQ242817,2,2,1,datumUitDienst
RY409365,2,2,1,medewerkerNaam
RY1005636,2,2,1,datumUitDienst
RY992966,2,2,1,medewerkerNaam
RY628600,2,2,1,medewerkerNaam
RY747950,2,2,1,datumUitDienst
RP105148,2,2,1,datumUitDienst
RO928306,2,2,1,datumUitDienst
RS644461,2,2,1,medewerkerNaam
IC217693,2,2,1,medewerkerCode
IC132451,2,2,1,datumUitDienst
RT975841,2,2,1,medewerkerCode
RW879178,2,2,1,medewerkerNaam
RX701521,2,2,1,medewerkerCode
RX330071,2,2,1,datumUitDienst
UA008588,2,2,1,datumUitDienst
RP238184,2,2,1,medewerkerNaam
RO431740,2,2,1,medewerkerNaam
RQ517657,2,2,1,medewerkerNaam
RY900908,2,2,1,medewerkerCode
RZ336692,2,2,1,medewerkerNaam
RZ217458,2,2,1,medewerkerNaam
RS820670,2,2,1,datumUitDienst
UA010637,2,2,1,datumUitDienst
RV542364,2,2,1,medewerkerNaam
IC192633,2,2,1,medewerkerNaam
RU355277,2,2,1,datumUitDienst
IC235190,2,2,1,medewerkerCode
RQ490507,2,2,1,medewerkerNaam
RQ532076,2,2,1,medewerkerNaam
IC244174,2,2,1,datumUitDienst
RY909900,2,2,1,medewerkerNaam
RO398331,2,2,1,medewerkerNaam
RX921056,2,2,1,medewerkerNaam
RQ867674,2,2,1,medewerkerNaam
RZ105912,2,2,1,datumUitDienst
RY301396,2,2,1,datumUitDienst
UA009051,2,2,1,datumUitDienst
RX522235,2,1,1,datumUitDienst
IC217964,2,2,1,datumUitDienst
RO397495,2,2,1,medewerkerNaam
RS786410,2,2,1,medewerkerNaam
IC122327,2,2,1,medewerkerNaam
RQ778326,2,2,1,datumUitDienst
RS957863,2,2,1,datumUitDienst
IC129966,2,2,1,medewerkerNaam
RO812560,2,2,1,medewerkerNaam
RY285028,2,2,1,datumUitDienst
IC272907,2,2,1,medewerkerNaam
RW750198,2,2,1,datumUitDienst
RZ289500,2,2,1,medewerkerNaam
RO681110,2,2,1,medewerkerCode
RP822142,2,2,1,medewerkerNaam
RZ185154,2,2,1,datumUitDienst
IC209168,2,2,1,datumUitDienst
RX616531,2,2,1,medewerkerNaam
RY988596,2,2,1,medewerkerNaam
IC294039,2,2,1,medewerkerCode
RO513170,2,2,1,medewerkerNaam
RO329850,2,2,1,datumUitDienst
RY409515,2,2,1,medewerkerNaam
RY665568,2,2,1,datumUitDienst
RQ478592,2,2,1,medewerkerNaam
IC268991,2,2,1,medewerkerNaam
RO947767,2,2,1,medewerkerNaam
RT996660,2,2,1,datumUitDienst
IC283765,2,2,1,datumUitDienst
IC102381,2,2,1,datumUitDienst
IC106975,2,2,1,datumUitDienst
RY271147,2,2,1,medewerkerNaam
RY440315,2,2,1,medewerkerNaam
RV823962,2,2,1,datumUitDienst
RY990479,2,2,1,medewerkerNaam
RX702724,2,2,1,medewerkerNaam
RQ456941,2,2,1,medewerkerNaam
RT187626,2,2,1,medewerkerNaam
RP143561,2,2,1,medewerkerNaam
RV959314,2,2,1,medewerkerNaam
IC185388,2,2,1,medewerkerNaam
RS645051,2,2,1,datumUitDienst
RY951843,2,2,1,medewerkerNaam
RW111729,2,2,1,medewerkerNaam
RU365908,2,2,1,medewerkerNaam
RZ358807,2,1,1,datumUitDienst
RY963390,2,2,1,datumUitDienst
RQ519536,2,2,1,datumUitDienst
RY963808,2,2,1,datumUitDienst
RQ508823,2,2,1,medewerkerNaam
RY858751,2,2,1,medewerkerNaam
RZ132526,2,2,1,medewerkerCode
IC131264,2,2,1,datumUitDienst
RZ221248,2,2,1,medewerkerNaam
RT443134,2,2,1,datumUitDienst
RZ149462,2,2,1,datumUitDienst
RQ518849,2,2,1,datumUitDienst
RS975884,2,2,1,datumUitDienst
RO715986,2,2,1,datumUitDienst
RX830387,2,2,1,medewerkerNaam
RY868651,2,2,1,datumUitDienst
RX246469,2,2,1,medewerkerNaam
IC178074,2,2,1,medewerkerNaam
RW906894,2,2,1,datumUitDienst
RX356642,2,2,1,datumUitDienst
IC294700,2,2,1,medewerkerCode
RV951168,2,2,1,medewerkerNaam
RO944159,2,2,1,datumUitDienst
RO337613,2,2,1,datumUitDienst
RW930336,2,2,1,medewerkerNaam
RX932295,2,2,1,datumUitDienst
RZ267140,2,2,1,datumUitDienst
RX480311,2,2,1,datumUitDienst
RY682980,2,2,1,datumUitDienst
RX388967,2,2,1,medewerkerNaam
RQ498819,2,2,1,medewerkerNaam
RY831077,2,2,1,medewerkerNaam
RY284563,2,2,1,datumUitDienst
IC263592,2,2,1,datumUitDienst
RX563201,2,2,1,medewerkerNaam
RZ110237,2,2,1,medewerkerNaam
RO660609,2,2,1,medewerkerNaam
IC208311,2,2,1,medewerkerNaam
UA000980,2,2,1,medewerkerCode
IC282626,2,2,1,datumUitDienst
RU131945,2,2,1,medewerkerNaam
RY138104,2,2,1,datumUitDienst
RY1010431,2,2,1,medewerkerNaam
RU125405,2,2,1,medewerkerCode
RW789976,2,2,1,datumUitDienst
IC120775,2,2,1,datumUitDienst
RY704192,2,2,1,medewerkerNaam
IC140081,2,2,1,datumUitDienst
RX480101,2,2,1,medewerkerNaam
RZ112451,2,2,1,medewerkerNaam
RY868182,2,2,1,datumUitDienst
RZ345669,2,2,1,datumUitDienst
RX583969,2,2,1,datumUitDienst
RY861962,2,2,1,datumUitDienst
UA004973,2,2,1,datumUitDienst
RZ274454,2,2,1,datumUitDienst
IC207127,2,2,1,medewerkerCode
RY781292,2,2,1,medewerkerNaam
RW898563,2,2,1,medewerkerNaam
RV345601,2,2,1,medewerkerNaam
RQ457957,2,2,1,datumUitDienst
RQ513688,2,2,1,medewerkerNaam
RS821478,2,2,1,medewerkerNaam
UA004359,2,2,1,datumUitDienst
UA005517,2,2,1,datumUitDienst
IC224258,2,2,1,datumUitDienst
RX320342,2,2,1,medewerkerNaam
RQ240014,2,2,1,datumUitDienst
RY866300,2,2,1,datumUitDienst
RT995061,2,2,1,datumUitDienst
RX765199,2,2,1,datumUitDienst
RX927982,2,2,1,datumUitDienst
IC256748,2,2,1,medewerkerCode
RZ112452,2,2,1,datumUitDienst
RY944399,2,2,1,datumUitDienst
RV556234,2,2,1,medewerkerCode
RP910086,2,2,1,medewerkerNaam
RY955436,2,2,1,medewerkerNaam
RV736815,2,2,1,datumUitDienst
RZ278423,2,2,1,medewerkerNaam
IC286732,2,2,1,medewerkerCode
IC221481,2,2,1,medewerkerCode
RO708155,2,2,1,medewerkerNaam
IC228022,2,2,1,medewerkerNaam
IC282890,2,2,1,medewerkerNaam
RT831072,2,2,1,medewerkerNaam
RY302040,2,2,1,medewerkerCode
RV396186,2,2,1,medewerkerNaam
RY787231,2,2,1,medewerkerCode
RP153331,2,2,1,datumUitDienst
RY1006029,2,2,1,datumUitDienst
RZ287770,2,2,1,datumUitDienst
IC218046,2,2,1,datumUitDienst
RY935812,2,2,1,medewerkerNaam
RW198699,2,2,1,medewerkerNaam
RY704414,2,2,1,datumUitDienst
RY674261,2,2,1,datumUitDienst
RY115436,2,2,1,datumUitDienst
IC268892,2,2,1,datumUitDienst
IC266924,2,2,1,medewerkerNaam
UA011912,2,2,1,datumUitDienst
RW170555,2,2,1,medewerkerNaam
RW1012008,2,2,1,medewerkerNaam
RP755938,2,2,1,medewerkerNaam
RZ289239,2,2,1,datumUitDienst
RV835095,2,2,1,medewerkerNaam
RY673708,2,2,1,datumUitDienst
RZ218665,2,2,1,medewerkerCode
IC131441,2,2,1,medewerkerCode
RY533927,2,2,1,medewerkerNaam
UA000362,2,2,1,medewerkerNaam
RQ471216,2,2,1,medewerkerNaam
IC184383,2,2,1,medewerkerNaam
RZ173437,2,2,1,medewerkerNaam
IC296315,2,2,1,medewerkerNaam
RX730527,2,2,1,medewerkerNaam
RO134298,2,2,1,datumUitDienst
RT953396,2,2,1,medewerkerNaam
RY835545,2,2,1,medewerkerNaam
RY493491,2,2,1,datumUitDienst
RX594157,2,2,1,datumUitDienst
RY598138,2,1,1,medewerkerCode
UA003382,2,2,1,datumUitDienst
RY588661,2,2,1,datumUitDienst
RY137495,2,2,1,datumUitDienst
RY232951,2,2,1,medewerkerNaam
RY929679,2,2,1,datumUitDienst
RO1019423,2,2,1,datumUitDienst
RW760754,2,2,1,datumUitDienst
RY796039,2,2,1,datumUitDienst
RP105483,2,2,1,datumUitDienst
RX815299,2,2,1,medewerkerNaam
RX823593,2,2,1,medewerkerNaam
RZ179661,2,2,1,medewerkerNaam
RO213791,2,2,1,medewerkerNaam
RP482933,2,2,1,medewerkerNaam
IC253798,2,2,1,medewerkerCode
RZ331470,2,2,1,medewerkerNaam
RO654456,2,2,1,datumUitDienst
RY144351,2,2,1,medewerkerNaam
RU352863,2,2,1,medewerkerNaam
RQ470030,2,2,1,datumUitDienst
RY748348,2,2,1,medewerkerNaam
RY871642,2,2,1,datumUitDienst
RT496331,2,2,1,datumUitDienst
RV464747,2,2,1,medewerkerNaam
RZ285278,2,2,1,medewerkerCode
RW783176,2,2,1,datumUitDienst
RO956975,2,2,1,medewerkerNaam
IC240111,2,2,1,medewerkerNaam
IC137895,2,2,1,medewerkerNaam
RQ143992,2,2,1,medewerkerNaam
IC248453,2,2,1,medewerkerNaam
RY866576,2,2,1,datumUitDienst
UA009095,2,2,1,datumUitDienst
RY376088,2,2,1,medewerkerNaam
RX810136,2,2,1,datumUitDienst
RY238238,2,2,1,medewerkerCode
RT371326,2,1,1,medewerkerCode
RO710266,2,2,1,medewerkerNaam
IC256865,2,2,1,datumUitDienst
RX638084,2,2,1,datumUitDienst
RY143102,2,2,1,medewerkerNaam
RY505879,2,2,1,medewerkerNaam
RV765770,2,2,1,datumUitDienst
UA004663,2,2,1,datumUitDienst
IC106994,2,2,1,medewerkerNaam
RW887705,2,2,1,medewerkerNaam
IC204970,2,2,1,datumUitDienst
IC237771,2,2,1,medewerkerCode
RY584726,2,2,1,medewerkerCode
RY988516,2,2,1,medewerkerNaam
IC208329,2,2,1,medewerkerCode
RO896646,2,2,1,medewerkerNaam
RZ112755,2,2,1,medewerkerNaam
RO1029697,2,2,1,medewerkerNaam
RY786960,2,2,1,medewerkerCode
RZ138399,2,2,1,medewerkerNaam
RQ916509,2,2,1,datumUitDienst
RY573843,2,2,1,medewerkerNaam
RP821932,2,2,1,datumUitDienst
RV794002,2,2,1,medewerkerNaam
RY460546,2,2,1,medewerkerNaam
IC194828,2,2,1,medewerkerCode
RX540195,2,2,1,medewerkerNaam
RX884508,2,2,1,datumUitDienst
IC135510,2,2,1,datumUitDienst
RX606266,2,2,1,datumUitDienst
UA008029,2,2,1,datumUitDienst
RO485572,2,2,1,medewerkerNaam
RZ259608,2,2,1,medewerkerNaam
RX371323,2,2,1,datumUitDienst
IC196863,2,2,1,medewerkerCode
RX913345,2,2,1,medewerkerNaam
RY496350,2,2,1,datumUitDienst
RW542471,2,2,1,datumUitDienst
UA002538,2,2,1,medewerkerCode
RV730529,2,2,1,medewerkerNaam
RX941191,2,2,1,datumUitDienst
RT1002993,2,2,1,datumUitDienst
UA008976,2,2,1,medewerkerNaam
RY1006890,2,2,1,datumUitDienst
RQ121201,2,2,1,datumUitDienst
RQ411322,2,2,1,datumUitDienst
RY730057,2,2,1,medewerkerNaam
RY899327,2,2,1,medewerkerNaam
UA011690,2,2,1,datumUitDienst
IC297238,2,1,1,medewerkerNaam
RY509792,2,2,1,datumUitDienst
IC285447,2,2,1,medewerkerNaam
RV671814,2,2,1,medewerkerNaam
IC294767,2,2,1,datumUitDienst
RY684167,2,2,1,datumUitDienst
RY984786,2,2,1,datumUitDienst
RX565725,2,2,1,datumUitDienst
RY800302,2,2,1,medewerkerNaam
RZ137661,2,2,1,datumUitDienst
IC289609,2,2,1,medewerkerCode
RY942597,2,2,1,medewerkerNaam
RU465026,2,2,1,datumUitDienst
IC252558,2,2,1,datumUitDienst
RW777405,2,2,1,datumUitDienst
RY588089,2,2,1,medewerkerNaam
UA007278,2,2,2,medewerkerCode
RO798916,2,2,1,datumUitDienst
IC198477,2,2,1,datumUitDienst
RX409479,2,2,1,medewerkerNaam
RU689346,2,2,1,datumUitDienst
RX843786,2,2,1,medewerkerCode
RY861512,2,2,1,medewerkerNaam
IC289762,2,2,1,datumUitDienst
IC204075,2,2,1,datumUitDienst
RU111329,2,2,1,medewerkerCode
RX591092,2,2,1,medewerkerNaam
RU122170,2,2,1,datumUitDienst
RQ799263,2,2,1,datumUitDienst
IC254791,2,2,1,datumUitDienst
RV734818,2,2,1,medewerkerNaam
RW881428,2,2,1,medewerkerNaam
RY285578,2,2,1,datumUitDienst
RY673520,2,2,1,datumUitDienst
RW654590,2,2,1,medewerkerNaam
RO947092,2,2,1,medewerkerNaam
RX777822,2,2,1,datumUitDienst
IC181488,2,2,1,medewerkerCode
RY1004886,2,2,1,datumUitDienst
RP624857,2,2,1,afdelingKort
RY782362,2,2,1,datumUitDienst
RQ480137,2,2,1,medewerkerNaam
RY631792,2,2,1,afdeling
RZ336578,2,2,1,medewerkerNaam
RO715984,2,2,1,datumUitDienst
RS463959,2,2,1,medewerkerNaam
RV580411,2,2,1,medewerkerNaam
RP212658,2,2,1,datumUitDienst
RU493499,2,2,1,medewerkerNaam
RO310924,2,2,1,datumUitDienst
IC288986,2,2,1,datumUitDienst
RY236870,2,2,1,datumUitDienst
RX317495,2,2,1,medewerkerNaam
UA003620,2,2,1,datumUitDienst
RP918167,2,2,1,datumUitDienst
RX810338,2,2,1,medewerkerNaam
IC284996,2,2,1,medewerkerCode
UA007490,2,2,1,medewerkerCode
IC204093,2,2,1,datumUitDienst
RY369534,2,2,1,medewerkerNaam
IC284091,2,2,1,medewerkerNaam
RW792830,2,2,1,medewerkerNaam
RO142133,2,2,1,datumUitDienst
RW573868,2,2,1,datumUitDienst
IC294735,2,2,1,medewerkerNaam
RW858718,2,2,1,datumUitDienst
RX536690,2,2,1,datumUitDienst
RQ485864,2,2,1,datumUitDienst
IC118458,2,1,1,datumUitDienst
IC149008,2,2,1,medewerkerCode
IC279458,2,2,1,datumUitDienst
RO518911,2,2,1,medewerkerNaam
RS103078,2,2,1,datumUitDienst
UA009422,2,2,1,medewerkerCode
RQ297099,2,2,1,medewerkerNaam
RW623383,2,2,1,medewerkerNaam
RY143662,2,2,1,medewerkerNaam
RX392446,2,2,1,datumUitDienst
IC217833,2,2,1,medewerkerCode
RY795375,2,2,1,datumUitDienst
RQ516148,2,2,1,medewerkerNaam
RY650124,2,2,1,datumUitDienst
UA004515,2,2,1,datumUitDienst
RO730053,2,2,1,medewerkerNaam
RY780622,2,2,1,medewerkerNaam
RV504415,2,2,1,medewerkerNaam
IC258697,2,2,1,medewerkerNaam
RY728000,2,2,1,medewerkerNaam
RQ519434,2,2,1,datumUitDienst
IC282627,2,2,1,datumUitDienst
RX215808,2,2,1,medewerkerNaam
RV485900,2,2,1,datumUitDienst
RQ134127,2,2,1,datumUitDienst
RX172078,2,2,1,datumUitDienst
RZ148243,2,2,1,datumUitDienst
RY647146,2,2,1,datumUitDienst
RY868382,2,2,1,datumUitDienst
RZ297109,2,2,1,medewerkerNaam
RS770182,2,2,1,datumUitDienst
RP808614,2,2,1,datumUitDienst
RX878736,2,2,1,datumUitDienst
RW925747,2,2,1,medewerkerNaam
IC209201,2,2,1,datumUitDienst
RX105301,2,2,1,medewerkerCode
IC151577,2,2,1,medewerkerNaam
RY1012401,2,2,1,datumUitDienst
RY633782,2,2,1,datumUitDienst
RW647095,2,2,1,datumUitDienst
RZ149497,2,2,1,medewerkerNaam
RX816730,2,2,1,datumUitDienst
IC230190,2,2,1,datumUitDienst
RS645097,2,2,1,medewerkerNaam
IC110520,2,2,1,datumUitDienst
RO346321,2,2,1,datumUitDienst
IC272874,2,2,1,medewerkerCode
RY497261,2,2,1,datumUitDienst
RV628399,2,2,1,medewerkerNaam
RO303096,2,2,1,datumUitDienst
RV884186,2,2,1,datumUitDienst
IC251056,2,2,1,datumUitDienst
RQ404484,2,2,1,datumUitDienst
RO943446,2,2,1,medewerkerNaam
RY151683,2,2,1,datumUitDienst
RO688713,2,2,1,datumUitDienst
RY183187,2,2,1,medewerkerCode
RY901808,2,2,1,datumUitDienst
RO396929,2,2,1,datumUitDienst
UA005382,2,2,1,medewerkerNaam
RZ206841,2,2,1,datumUitDienst
RX474180,2,2,1,medewerkerNaam
RS991246,2,2,1,medewerkerNaam
RY1000806,2,2,1,datumUitDienst
RQ516123,2,2,1,medewerkerNaam
IC211932,2,2,1,datumUitDienst
RO692957,2,2,1,datumUitDienst
RP133835,2,2,1,datumUitDienst
IC229737,2,2,1,datumUitDienst
IC200792,2,2,1,datumUitDienst
RT128978,2,2,1,medewerkerCode
RO1021399,2,2,1,datumUitDienst
RQ523525,2,2,1,medewerkerNaam
IC278720,2,2,1,medewerkerNaam
RX702365,2,2,1,medewerkerNaam
RW911691,2,2,1,medewerkerCode
IC255825,2,2,1,medewerkerCode
IC124755,2,2,1,medewerkerCode
RX817117,2,2,1,medewerkerNaam
RY1007070,2,2,1,medewerkerNaam
RX353053,2,2,1,medewerkerNaam
RQ705952,2,2,1,medewerkerNaam
RY866789,2,2,1,medewerkerNaam
RX360703,2,1,1,medewerkerNaam
RZ346888,2,2,1,datumUitDienst
RY731152,2,2,1,datumUitDienst
UA008171,2,1,1,medewerkerCode
RX922151,2,2,1,medewerkerNaam
RY906080,2,2,1,medewerkerNaam
RV622116,2,1,1,datumUitDienst
IC256752,2,2,1,medewerkerNaam
RO695177,2,2,1,datumUitDienst
RZ112286,2,2,1,medewerkerNaam
RU325636,2,2,1,medewerkerCode
IC227539,2,2,1,datumUitDienst
RU107565,2,2,1,datumUitDienst
RQ578970,2,2,1,datumUitDienst
RW754631,2,2,1,medewerkerNaam
IC267830,2,2,1,datumUitDienst
RT101139,2,2,1,datumUitDienst
RY283218,2,2,1,datumUitDienst
RY900569,2,2,1,medewerkerNaam
RY140370,2,2,1,datumUitDienst
RY731340,2,2,1,datumUitDienst
RX333447,2,2,1,medewerkerNaam
RY621822,2,2,1,medewerkerNaam
IC269421,2,2,1,datumUitDienst
RY999243,2,2,1,medewerkerNaam
RY936271,2,2,1,datumUitDienst
RQ557390,2,2,1,medewerkerNaam
RO686797,2,2,1,medewerkerCode
RP786411,2,2,1,medewerkerNaam
IC226774,2,2,1,datumUitDienst
RZ208269,2,2,1,datumUitDienst
RO488577,2,2,1,medewerkerNaam
RQ318909,2,2,1,medewerkerNaam
RY993046,2,2,1,datumUitDienst
RZ299097,2,2,1,medewerkerNaam
RS419158,2,2,1,datumUitDienst
RQ498839,2,2,1,datumUitDienst
RZ137930,2,2,1,datumUitDienst
UA007136,2,2,1,medewerkerCode
IC209472,2,2,1,datumUitDienst
RP808688,2,2,1,datumUitDienst
RO858623,2,2,1,medewerkerCode
RY290347,2,2,1,medewerkerNaam
RQ708203,2,2,1,medewerkerNaam
UA008499,2,2,1,datumUitDienst
RX869091,2,2,1,datumUitDienst
RY911501,2,2,1,medewerkerNaam
RO371691,2,2,1,datumUitDienst
RW582830,2,2,1,medewerkerNaam
RY359314,2,2,1,datumUitDienst
RY907260,2,2,1,medewerkerNaam
IC240466,2,2,1,datumUitDienst
RY249093,2,2,1,medewerkerNaam
RX766109,2,2,1,medewerkerNaam
RW993139,2,2,1,medewerkerNaam
RX824527,2,2,1,medewerkerCode
RX303133,2,2,1,datumUitDienst
UA004563,2,2,1,medewerkerCode
RQ509798,2,2,1,medewerkerNaam
RP159973,2,2,1,medewerkerNaam
UA000302,2,2,1,medewerkerNaam
RZ288141,2,2,1,datumUitDienst
RX256259,2,2,1,datumUitDienst
RX641747,2,2,1,medewerkerNaam
RY907838,2,2,1,medewerkerNaam
RQ747227,2,2,1,datumUitDienst
RY751122,2,2,1,datumUitDienst
RY573750,2,2,1,datumUitDienst
RW843670,2,2,1,datumUitDienst
RX916126,2,2,1,datumUitDienst
RP667785,2,2,1,datumUitDienst
UA002805,2,2,1,datumUitDienst
RZ337109,2,2,1,medewerkerNaam
IC289596,2,2,1,datumUitDienst
RZ220986,2,2,1,medewerkerNaam
RX349699,2,2,1,datumUitDienst
RP400954,2,2,1,medewerkerNaam
RY784975,2,2,1,medewerkerNaam
RW901695,2,2,1,datumUitDienst
RZ250621,2,2,1,medewerkerNaam
RY440085,2,2,1,medewerkerCode
RX702297,2,2,1,medewerkerNaam
IC259751,2,2,1,medewerkerCode
RX627836,2,2,1,datumUitDienst
IC109420,2,2,1,medewerkerCode
RO650182,2,2,1,datumUitDienst
RX266966,2,2,1,datumUitDienst
RQ518210,2,2,1,datumUitDienst
RZ350103,2,2,1,medewerkerNaam
IC102660,2,2,1,datumUitDienst
RZ262866,2,2,1,datumUitDienst
RZ184687,2,2,1,medewerkerNaam
RW660678,2,2,1,medewerkerCode
RY528781,2,2,1,datumUitDienst
RX132029,2,2,1,medewerkerCode
RX549646,2,2,1,medewerkerNaam
RY871795,2,2,1,medewerkerNaam
RT1032116,2,2,1,datumUitDienst
RT343199,2,2,1,medewerkerNaam
RY243152,2,2,1,datumUitDienst
IC119286,2,2,1,datumUitDienst
RZ324204,2,2,1,datumUitDienst
IC199812,2,2,1,datumUitDienst
RO974614,2,2,1,datumUitDienst
UA010376,2,2,1,datumUitDienst
RX815957,2,2,1,datumUitDienst
RP212195,2,2,1,datumUitDienst
RW597327,2,2,1,medewerkerNaam
RX318084,2,2,1,medewerkerNaam
RQ884967,2,2,1,datumUitDienst
IC165462,2,2,1,datumUitDienst
RZ282361,2,2,1,datumUitDienst
RO587484,2,2,1,medewerkerNaam
RZ284476,2,2,1,datumUitDienst
UA006249,2,2,1,medewerkerCode
RO741556,2,2,1,datumUitDienst
RZ316226,2,2,1,medewerkerNaam
RP647905,2,2,1,medewerkerNaam
RY630787,2,2,1,datumUitDienst
IC254000,2,2,1,medewerkerCode
RW637153,2,2,1,medewerkerCode
RS719391,2,2,1,datumUitDienst
RQ523012,2,2,1,datumUitDienst
RX829393,2,2,1,medewerkerNaam
UA008095,2,2,1,medewerkerNaam
IC286736,2,2,1,medewerkerCode
IC135570,2,2,1,datumUitDienst
RY984803,2,2,1,medewerkerNaam
RX271258,2,2,1,datumUitDienst
RY496009,2,2,1,datumUitDienst
RO982452,2,2,1,medewerkerNaam
RO338519,2,2,1,datumUitDienst
RQ745227,2,2,1,datumUitDienst
IC196892,2,2,1,medewerkerCode
RY984791,2,2,1,datumUitDienst
RY202232,2,2,1,datumUitDienst
RX134759,2,2,1,medewerkerNaam
RQ531887,2,2,1,medewerkerNaam
RW745544,2,2,1,datumUitDienst
RQ995550,2,2,1,medewerkerNaam
RY868180,2,2,1,medewerkerNaam
RQ516789,2,2,1,datumUitDienst
IC230516,2,2,1,datumUitDienst
RX386143,2,2,1,medewerkerNaam
RO716878,2,2,1,medewerkerNaam
RY542692,2,2,1,medewerkerCode
RY243032,2,2,1,medewerkerCode
RP135904,2,2,1,medewerkerNaam
IC195195,2,2,1,datumUitDienst
IC278685,2,2,1,medewerkerNaam
RV650066,2,2,1,medewerkerNaam
RY995838,2,2,1,medewerkerNaam
IC287009,2,2,1,medewerkerNaam
RX285769,2,2,1,medewerkerNaam
RY651664,2,2,1,datumUitDienst
IC296361,2,1,1,medewerkerCode
IC194192,2,2,1,datumUitDienst
RX147182,2,2,1,datumUitDienst
RY587899,2,2,1,medewerkerNaam
RO829233,2,2,1,medewerkerNaam
RU121680,2,2,1,medewerkerNaam
RO397032,2,2,1,medewerkerNaam
RY418357,2,2,1,medewerkerNaam
RO707355,2,2,1,medewerkerNaam
IC224770,2,2,1,datumUitDienst
RY661958,2,2,1,medewerkerNaam
RX529170,2,2,1,medewerkerNaam
RZ141004,2,2,1,datumUitDienst
RY871800,2,2,1,medewerkerCode
RX451568,2,2,1,datumUitDienst
RV338662,2,2,1,datumUitDienst
RY586911,2,2,1,medewerkerNaam
RZ305613,2,2,1,datumUitDienst
RY862696,2,2,1,datumUitDienst
IC217946,2,2,1,medewerkerCode
RO389255,2,2,1,datumUitDienst
RT975838,2,2,1,datumUitDienst
RQ492602,2,2,1,medewerkerNaam
RQ158455,2,2,1,datumUitDienst
RU132028,2,2,1,medewerkerNaam
RZ179312,2,2,1,datumUitDienst
RZ206668,2,2,1,medewerkerNaam
RU380308,2,2,1,medewerkerNaam
RO370143,2,2,1,datumUitDienst
RV755231,2,2,1,medewerkerNaam
RW885639,2,2,1,medewerkerNaam
RQ118315,2,2,1,medewerkerNaam
RP875865,2,2,1,datumUitDienst
RY544009,2,2,1,medewerkerNaam
RO681109,2,2,1,datumUitDienst
RO684329,2,2,1,medewerkerNaam
RU389841,2,2,1,datumUitDienst
RZ354798,2,2,1,datumUitDienst
IC296073,2,2,1,datumUitDienst
IC141953,2,2,1,medewerkerNaam
RZ213595,2,2,1,datumUitDienst
RY890849,2,2,1,datumUitDienst
RQ780065,2,2,1,afdeling
UA004909,2,2,1,medewerkerNaam
RZ275539,2,2,1,medewerkerNaam
RX817588,2,2,1,medewerkerNaam
IC237602,2,2,1,datumUitDienst
RZ223607,2,2,1,datumUitDienst
RY505335,2,2,1,datumUitDienst
RQ509897,2,2,1,medewerkerNaam
RX329563,2,2,1,datumUitDienst
RW486200,2,2,1,datumUitDienst
RW552725,2,2,1,medewerkerNaam
RQ888420,2,2,1,datumUitDienst
IC287694,2,2,1,datumUitDienst
RY683024,2,2,1,datumUitDienst
RY551442,2,2,1,datumUitDienst
RY463973,2,2,1,datumUitDienst
RO360516,2,2,1,medewerkerNaam
RY787345,2,2,1,medewerkerNaam
RZ150150,2,2,1,datumUitDienst
RV340733,2,2,1,medewerkerNaam
RX242157,2,2,1,medewerkerNaam
UA009703,2,2,1,medewerkerNaam
RO938598,2,2,1,medewerkerNaam
RP336956,2,2,1,medewerkerNaam
RX788436,2,2,1,datumUitDienst
RY621166,2,2,1,datumUitDienst
RX551402,2,2,1,medewerkerNaam
RX278798,2,2,1,medewerkerNaam
RY474636,2,2,1,medewerkerNaam
RY704872,2,2,1,medewerkerNaam
RZ182234,2,2,1,medewerkerNaam
RZ223631,2,2,1,datumUitDienst
RQ472394,2,2,1,datumUitDienst
RO654375,2,2,1,medewerkerNaam
IC296470,2,2,1,datumUitDienst
RX290616,2,2,1,datumUitDienst
IC296158,2,2,1,medewerkerNaam
RW448857,2,2,1,datumUitDienst
RY642962,2,2,1,datumUitDienst
RW774225,2,2,1,datumUitDienst
IC209356,2,2,1,datumUitDienst
RY951577,2,2,1,medewerkerNaam
RQ662809,2,2,1,datumUitDienst
RY906185,2,2,1,medewerkerNaam
RX219027,2,2,1,datumUitDienst
RP783216,2,2,1,datumUitDienst
RQ257570,2,2,1,medewerkerNaam
RY675294,2,2,1,medewerkerNaam
RZ315031,2,2,1,medewerkerNaam
IC199805,2,2,1,medewerkerCode
RZ173490,2,2,1,datumUitDienst
RO406934,2,2,1,datumUitDienst
RQ456442,2,2,1,medewerkerNaam
RQ513575,2,2,1,medewerkerNaam
RY247162,2,2,1,datumUitDienst
IC168378,2,2,1,medewerkerCode
RY154991,2,2,1,datumUitDienst
RP401323,2,2,1,datumUitDienst
RU731059,2,2,1,datumUitDienst
IC217873,2,2,1,datumUitDienst
RX254854,2,1,1,datumUitDienst
RW982470,2,2,1,datumUitDienst
RS806530,2,2,1,datumUitDienst
RX530832,2,2,1,datumUitDienst
RU659329,2,2,1,datumUitDienst
RZ266448,2,2,1,datumUitDienst
RV395998,2,2,1,datumUitDienst
IC204110,2,2,1,medewerkerCode
RY103680,2,2,1,medewerkerNaam
RX220684,2,2,1,datumUitDienst
RP842370,2,2,1,datumUitDienst
RP141235,2,2,1,datumUitDienst
IC254701,2,2,1,datumUitDienst
RX939437,2,2,1,medewerkerNaam
RY751558,2,2,1,datumUitDienst
RZ110030,2,2,1,medewerkerNaam
RY238285,2,2,1,medewerkerNaam
RV742532,2,2,1,datumUitDienst
RP767758,2,2,1,datumUitDienst
RX563667,2,2,1,medewerkerNaam
RY678565,2,2,1,datumUitDienst
RY634073,2,2,1,datumUitDienst
RV378950,2,2,1,medewerkerNaam
RZ206188,2,2,1,medewerkerNaam
IC202504,2,2,1,medewerkerNaam
RX763988,2,2,1,medewerkerNaam
RO536145,2,2,1,datumUitDienst
RX921641,2,2,1,medewerkerNaam
RS958312,2,2,1,medewerkerNaam
RP136305,2,2,1,datumUitDienst
IC292897,2,2,1,datumUitDienst
RZ218888,2,2,1,afdeling
RS489157,2,2,1,medewerkerNaam
UA006679,2,2,1,medewerkerCode
RY861366,2,2,1,medewerkerNaam
IC268953,2,2,1,datumUitDienst
RP310351,2,2,1,medewerkerCode
RQ116897,2,2,1,datumUitDienst
RW467214,2,2,1,datumUitDienst
RS994034,2,2,1,datumUitDienst
RZ174237,2,2,1,medewerkerNaam
RY857098,2,2,1,medewerkerNaam
RP428847,2,2,1,datumUitDienst
RX268417,2,2,1,medewerkerNaam
IC274530,2,2,1,datumUitDienst
RW836122,2,2,1,datumUitDienst
IC207232,2,2,1,medewerkerCode
IC109489,2,2,1,medewerkerNaam
RY187137,2,2,1,medewerkerNaam
RW807351,2,2,1,medewerkerNaam
RY538203,2,2,1,datumUitDienst
RX665703,2,2,1,medewerkerNaam
RZ168567,2,2,1,datumUitDienst
RX818710,2,2,1,medewerkerNaam
RV555959,2,2,1,medewerkerNaam
RZ293484,2,2,1,medewerkerNaam
RY530638,2,2,1,datumUitDienst
RP157545,2,2,1,medewerkerNaam
RY584195,2,2,1,datumUitDienst
RP664662,2,2,1,medewerkerNaam
IC283269,2,1,1,medewerkerCode
RX291775,2,2,1,datumUitDienst
IC279238,2,2,1,medewerkerCode
IC133641,2,2,1,datumUitDienst
RY871923,2,2,1,medewerkerNaam
UA004512,2,2,1,datumUitDienst
IC204071,2,2,1,medewerkerCode
RY892981,2,2,1,datumUitDienst
IC243318,2,2,1,medewerkerNaam
IC237398,2,2,1,medewerkerNaam
RY393513,2,2,1,medewerkerNaam
RV339185,2,2,1,medewerkerCode
RX823866,2,2,1,medewerkerCode
RY301834,2,2,1,medewerkerNaam
RX641616,2,2,1,medewerkerNaam
RQ479220,2,2,1,medewerkerNaam
RZ128473,2,2,1,medewerkerNaam
RO1002636,2,2,1,medewerkerNaam
RU629559,2,2,1,datumUitDienst
RU588588,2,2,1,medewerkerNaam
RU698340,2,2,1,medewerkerNaam
RW766535,2,2,1,medewerkerNaam
RT418059,2,2,1,datumUitDienst
RQ521035,2,2,1,medewerkerNaam
RQ469428,2,2,1,medewerkerNaam
IC124700,2,2,1,datumUitDienst
IC278094,2,2,1,medewerkerCode
IC213561,2,2,1,datumUitDienst
RX641036,2,2,1,datumUitDienst
IC210226,2,2,1,medewerkerNaam
RY451849,2,2,1,medewerkerNaam
RZ327308,2,2,1,datumUitDienst
IC217732,2,2,1,datumUitDienst
RY742174,2,2,1,medewerkerNaam
IC156062,2,2,1,medewerkerNaam
RY654263,2,2,1,medewerkerNaam
RQ705613,2,2,1,medewerkerNaam
IC228383,2,2,1,datumUitDienst
RQ347333,2,2,1,datumUitDienst
RO488544,2,2,1,datumUitDienst
RY442779,2,2,1,medewerkerNaam
RU689690,2,2,1,medewerkerNaam
IC252834,2,2,1,medewerkerCode
RV884446,2,2,1,datumUitDienst
RP851293,2,2,1,datumUitDienst
RS736265,2,2,1,datumUitDienst
RX294711,2,1,1,medewerkerNaam
RZ208418,2,2,1,datumUitDienst
RX414265,2,2,1,medewerkerNaam
RP432318,2,2,1,datumUitDienst
RX608352,2,2,1,medewerkerNaam
IC295951,2,2,1,medewerkerCode
RT381119,2,2,1,datumUitDienst
IC140082,2,2,1,medewerkerNaam
RZ248567,2,2,1,medewerkerNaam
RO518547,2,2,1,medewerkerNaam
RY390836,2,2,1,datumUitDienst
RZ259655,2,2,1,datumUitDienst
RZ208821,2,1,1,medewerkerCode
IC132783,2,2,1,datumUitDienst
RQ745063,2,2,1,medewerkerNaam
RX254874,2,2,1,datumUitDienst
RX815977,2,2,1,medewerkerNaam
RZ172975,2,2,1,medewerkerNaam
RV813344,2,2,1,datumUitDienst
RY148065,2,2,1,datumUitDienst
UA009042,2,2,1,medewerkerCode
RQ565817,2,2,1,medewerkerNaam
IC149697,2,2,1,medewerkerNaam
RY943594,2,2,1,medewerkerNaam
RU689924,2,2,1,datumUitDienst
RY231394,2,2,1,medewerkerNaam
IC290139,2,2,1,medewerkerCode
RY962643,2,2,1,datumUitDienst
IC286233,2,2,1,medewerkerCode
IC259059,2,2,1,datumUitDienst
RP134382,2,2,1,datumUitDienst
IC204035,2,2,1,medewerkerCode
RQ373861,2,2,1,datumUitDienst
RS991393,2,2,1,medewerkerNaam
RV448912,2,2,1,medewerkerNaam
IC225948,2,2,1,medewerkerCode
RQ151659,2,2,1,medewerkerCode
RQ461852,2,2,1,datumUitDienst
IC292656,2,2,1,medewerkerCode
IC217947,2,2,1,medewerkerNaam
RZ285834,2,2,1,datumUitDienst
IC183597,2,2,1,medewerkerNaam
IC287434,2,2,1,medewerkerGeboortedatum
RW456792,2,2,1,medewerkerNaam
RY997661,2,2,1,medewerkerCode
IC255659,2,2,1,medewerkerNaam
RQ498766,2,2,1,datumUitDienst
RP315636,2,2,1,medewerkerCode
RW536534,2,2,1,medewerkerNaam
RX669139,2,2,1,medewerkerNaam
RX406099,2,2,1,datumUitDienst
IC217707,2,2,1,datumUitDienst
RX696476,2,2,1,datumUitDienst
RX201804,2,2,1,datumUitDienst
RX776938,2,2,1,datumUitDienst
RY908063,2,2,1,medewerkerNaam
RW490295,2,2,1,medewerkerNaam
IC272363,2,2,1,datumUitDienst
RX345633,2,2,1,datumUitDienst
RU125190,2,2,1,datumUitDienst
RZ178672,2,2,1,datumUitDienst
RY342778,2,2,1,medewerkerCode
RW779010,2,2,1,medewerkerNaam
RX243365,2,2,1,datumUitDienst
RO134372,2,2,1,medewerkerNaam
RZ176417,2,2,1,datumUitDienst
RO989086,2,2,1,datumUitDienst
RY854693,2,2,1,datumUitDienst
RY533604,2,2,1,medewerkerNaam
RQ957536,2,2,1,medewerkerNaam
RQ508519,2,2,1,medewerkerNaam
IC289176,2,2,1,datumUitDienst
RZ339136,2,2,1,datumUitDienst
RP667760,2,2,1,medewerkerNaam
RX405785,2,2,1,medewerkerCode
IC227690,2,2,1,medewerkerCode
RO650227,2,2,1,medewerkerNaam
IC236800,2,2,1,datumUitDienst
IC266057,2,2,1,datumUitDienst
IC221267,2,2,1,medewerkerNaam
RW106870,2,2,1,datumUitDienst
RX827814,2,2,1,medewerkerNaam
RV781154,2,2,1,medewerkerNaam
IC167694,2,2,1,medewerkerNaam
RQ384302,2,2,1,datumUitDienst
IC217944,2,2,1,medewerkerCode
RU340091,2,1,1,medewerkerNaam
RY629083,2,2,1,datumUitDienst
IC193514,2,2,1,medewerkerNaam
RO364396,2,2,1,medewerkerNaam
IC242277,2,2,1,datumUitDienst
RV105428,2,2,1,medewerkerCode
RY285166,2,2,1,datumUitDienst
IC294600,2,2,1,medewerkerCode
RW825146,2,2,1,medewerkerNaam
RW840526,2,2,1,datumUitDienst
RX586195,2,2,1,medewerkerNaam
RO373082,2,2,1,datumUitDienst
RZ177349,2,2,1,medewerkerNaam
RP133056,2,2,1,medewerkerNaam
RX636810,1,1,1,datumUitDienst
RO214268,1,1,1,medewerkerNaam
UA006575,1,1,1,medewerkerCode
IC137667,1,1,1,medewerkerCode
IC278718,1,1,1,medewerkerCode
UA000414,1,1,1,medewerkerCode
IC201164,1,1,1,medewerkerCode
IC239093,1,1,1,medewerkerCode
IC226926,1,1,1,medewerkerNaam
IC230518,1,1,1,medewerkerCode
RP767805,1,1,1,datumUitDienst
IC259288,1,1,1,medewerkerCode
RZ134291,1,1,1,medewerkerNaam
UA009303,1,1,1,medewerkerCode
RO523829,1,1,1,medewerkerNaam
RW484807,1,1,1,medewerkerNaam
RY704449,1,1,1,medewerkerNaam
IC281666,1,1,1,medewerkerNaam
IC253117,1,1,1,medewerkerCode
IC197893,1,1,1,medewerkerCode
RY645687,1,1,1,medewerkerCode
RY478866,1,1,1,medewerkerNaam
UA002705,1,1,1,medewerkerNaam
IC275149,1,1,1,medewerkerCode
IC211299,1,1,1,medewerkerCode
RU743634,1,1,1,datumUitDienst
UA009623,1,1,1,datumUitDienst
IC261999,1,1,1,medewerkerCode
RP153299,1,1,1,medewerkerCode
RX335425,1,1,1,datumUitDienst
IC167376,1,1,1,medewerkerCode
RU133305,1,1,1,datumUitDienst
IC229794,1,1,1,medewerkerCode
RY965116,1,1,1,medewerkerNaam
RZ330636,1,1,1,datumUitDienst
RX810960,1,1,1,datumUitDienst
UA006976,1,1,1,medewerkerNaam
RT363989,1,1,1,medewerkerNaam
RX682986,1,1,1,medewerkerNaam
RO851757,1,1,1,medewerkerCode
UA006573,1,1,1,medewerkerCode
UA008174,1,1,1,medewerkerCode
RQ118463,1,1,1,medewerkerCode
RY153570,1,1,1,datumUitDienst
RX233053,1,1,1,datumUitDienst
RX563919,1,1,1,medewerkerNaam
RO812881,1,1,1,datumUitDienst
IC247106,1,1,1,medewerkerCode
IC253383,1,1,1,medewerkerCode
RX559870,1,1,1,medewerkerNaam
RO373417,1,1,1,datumUitDienst
IC289211,1,1,1,medewerkerNaam
RZ208880,1,1,1,datumUitDienst
RU597658,1,1,1,datumUitDienst
RY274822,1,1,1,datumUitDienst
RY709733,1,1,1,medewerkerNaam
IC286238,1,1,1,medewerkerCode
RX928180,1,1,1,datumUitDienst
RZ339055,1,1,1,medewerkerCode
IC152941,1,1,1,medewerkerCode
