user_id,total_sort_actions,different_fields_used,different_combinations_used,days_active_sorting,most_used_field,preferred_direction
RZ331874,597,2,3,2,documentDateModified,DESC
RZ180496,305,2,3,2,ingangsDatum,DESC
RX422190,211,1,1,2,documentDateModified,DESC
RU340091,205,3,4,1,ingangsDatum,DESC
RZ208558,182,1,1,2,documentOmschrijving,ASC
RZ225252,159,1,2,2,documentOmschrijving,DESC
RQ868666,153,1,1,2,ingangsDatum,DESC
RO536473,153,1,2,2,ingangsDatum,DESC
RY821888,141,1,1,2,documentDateModified,DESC
RO945231,140,1,1,2,ingangsDatum,DESC
RZ146655,136,1,1,2,documentOmschrijving,DESC
RU741659,136,4,6,2,documentDateModified,DESC
IC254817,132,1,2,2,ingangsDatum,DESC
RZ250658,129,2,3,2,ingangsDatum,DESC
RZ242259,126,1,1,2,ingangsDatum,DESC
RY1005539,124,1,1,2,documentOmschrijving,ASC
RZ349495,123,1,1,2,ingangsDatum,DESC
RY628824,122,2,2,2,ingangsDatum,DESC
RY932140,112,1,1,1,ingangsDatum,DESC
RY862694,102,1,1,2,ingangsDatum,DESC
RZ109298,99,1,1,2,ingangsDatum,DESC
IC152940,96,1,1,2,ingangsDatum,ASC
RY868181,95,1,1,1,ingangsDatum,DESC
RV594664,95,2,3,2,ingangsDatum,DESC
RZ176842,92,2,3,2,ingangsDatum,ASC
RQ346307,90,2,3,2,ingangsDatum,DESC
IC185388,84,1,2,2,ingangsDatum,DESC
IC230839,82,1,1,2,ingangsDatum,DESC
IC251435,82,1,1,2,ingangsDatum,DESC
RZ317578,81,3,6,2,ingangsDatum,DESC
IC132270,80,1,1,2,ingangsDatum,DESC
RW754632,79,1,1,2,ingangsDatum,DESC
IC118451,77,1,1,1,ingangsDatum,DESC
RP786763,74,2,2,2,jobDateSubmitted,DESC
RO864156,71,1,1,2,ingangsDatum,DESC
IC140677,71,1,1,2,documentOmschrijving,DESC
RX223649,69,1,1,2,ingangsDatum,DESC
RY952360,67,1,1,2,ingangsDatum,DESC
RY114679,66,1,1,2,ingangsDatum,DESC
RX127644,65,3,4,2,documentOmschrijving,ASC
RY153570,63,1,1,2,ingangsDatum,DESC
RY678035,62,1,1,1,ingangsDatum,DESC
RX723156,62,1,1,1,ingangsDatum,DESC
RT936314,59,1,1,2,documentOmschrijving,ASC
UA007581,59,2,3,2,ingangsDatum,DESC
RO654397,58,1,1,2,ingangsDatum,DESC
RY650124,58,1,1,1,documentOmschrijving,DESC
RY247959,57,1,1,2,documentDateModified,DESC
RS514060,56,1,1,2,ingangsDatum,DESC
RX932436,56,1,1,2,ingangsDatum,DESC
RO217127,56,1,1,1,documentOmschrijving,ASC
RV418433,55,1,1,1,ingangsDatum,ASC
IC108409,54,1,1,2,ingangsDatum,DESC
IC193305,54,1,1,2,ingangsDatum,DESC
UA000545,54,1,1,1,ingangsDatum,DESC
RY853880,54,1,1,2,ingangsDatum,DESC
RX322855,53,1,1,2,ingangsDatum,DESC
RX333522,53,1,1,2,documentOmschrijving,DESC
RY731791,53,1,1,2,documentDateModified,DESC
RY407304,53,1,1,2,documentDateModified,DESC
UA006266,52,1,1,2,ingangsDatum,DESC
RO728943,51,2,4,2,ingangsDatum,DESC
RO535754,51,1,1,2,ingangsDatum,DESC
IC196881,49,1,1,2,ingangsDatum,DESC
RY601588,48,1,1,1,ingangsDatum,DESC
RZ322365,48,1,1,2,ingangsDatum,DESC
RY501609,48,1,1,1,ingangsDatum,DESC
RO603554,47,1,1,2,ingangsDatum,DESC
RY862623,47,1,1,2,ingangsDatum,DESC
RY541328,47,1,1,2,ingangsDatum,DESC
RY148065,46,1,1,1,ingangsDatum,DESC
RP581823,46,2,3,2,ingangsDatum,DESC
RZ249938,44,1,1,1,documentOmschrijving,ASC
RW217956,44,1,1,2,ingangsDatum,DESC
RU688656,44,1,1,2,documentOmschrijving,ASC
IC149153,43,1,1,1,documentOmschrijving,DESC
RV328679,43,1,1,1,ingangsDatum,DESC
IC217961,43,1,1,1,ingangsDatum,DESC
RO177875,42,1,1,2,documentOmschrijving,ASC
RZ327135,42,1,1,2,ingangsDatum,DESC
RW467295,41,1,1,2,ingangsDatum,DESC
RY459854,40,2,2,1,documentOmschrijving,ASC
RO895935,40,1,1,2,documentDateModified,DESC
IC247163,39,1,1,2,ingangsDatum,DESC
RY913551,39,1,1,2,ingangsDatum,DESC
RY892276,39,1,1,2,ingangsDatum,DESC
RO857739,38,1,1,2,documentDateModified,DESC
RT187424,38,1,1,2,ingangsDatum,DESC
RY862322,38,1,1,2,ingangsDatum,DESC
IC148491,38,1,1,2,documentDateModified,DESC
IC112226,38,1,1,2,documentDateModified,DESC
RX333447,37,1,1,1,ingangsDatum,DESC
RQ345584,37,1,1,1,ingangsDatum,DESC
RQ865554,37,1,1,2,ingangsDatum,DESC
RT936312,37,1,1,2,ingangsDatum,DESC
RO523843,36,1,1,1,ingangsDatum,DESC
RY496094,36,1,1,2,ingangsDatum,DESC
RT337404,36,1,1,1,ingangsDatum,DESC
IC272933,36,1,1,1,ingangsDatum,DESC
RY795760,36,1,1,2,ingangsDatum,DESC
RX455728,36,1,1,1,ingangsDatum,DESC
RY704716,35,1,1,2,ingangsDatum,DESC
RU699691,35,1,1,2,documentDateModified,DESC
RZ337723,35,1,1,1,ingangsDatum,DESC
RZ265801,35,1,1,2,ingangsDatum,DESC
RZ265488,35,1,1,2,ingangsDatum,ASC
RP432863,35,1,1,1,ingangsDatum,DESC
RY197684,35,1,1,1,ingangsDatum,DESC
RV344229,35,1,1,2,ingangsDatum,DESC
RX826755,34,1,1,2,ingangsDatum,DESC
IC262849,34,1,1,1,ingangsDatum,DESC
RY890866,34,1,1,1,ingangsDatum,DESC
RV415986,34,1,1,1,ingangsDatum,DESC
RY963393,34,1,1,1,ingangsDatum,DESC
IC140082,34,1,1,1,ingangsDatum,DESC
RY1005638,34,1,1,2,ingangsDatum,DESC
RZ350877,33,1,1,1,ingangsDatum,DESC
RY831798,33,2,4,2,documentOmschrijving,DESC
RW982076,33,1,1,1,ingangsDatum,ASC
IC224261,33,4,7,1,documentDateModified,DESC
IC251430,33,1,1,2,ingangsDatum,DESC
RO660609,32,1,1,1,ingangsDatum,DESC
IC231300,32,1,1,2,ingangsDatum,DESC
RY512987,32,1,1,1,ingangsDatum,DESC
RX345785,32,1,1,2,ingangsDatum,DESC
RZ252629,32,1,1,1,ingangsDatum,DESC
RP822142,32,1,1,1,ingangsDatum,DESC
RX871226,31,1,1,1,ingangsDatum,DESC
IC290930,31,1,1,2,ingangsDatum,DESC
RZ317970,31,2,2,2,ingangsDatum,DESC
RZ306485,31,1,1,1,ingangsDatum,DESC
IC296361,30,1,1,2,ingangsDatum,DESC
IC152941,30,1,1,1,ingangsDatum,DESC
RV592005,30,1,1,2,ingangsDatum,DESC
RY965136,30,1,1,1,ingangsDatum,DESC
RY890736,29,1,1,1,ingangsDatum,DESC
RZ331860,29,1,1,2,ingangsDatum,DESC
RZ245945,29,1,1,2,ingangsDatum,DESC
RZ278039,29,2,4,1,documentDateModified,DESC
RZ211997,29,1,1,1,ingangsDatum,DESC
RW123163,29,1,1,2,documentDateModified,DESC
RZ245213,29,1,1,1,ingangsDatum,DESC
RY651844,28,1,1,2,ingangsDatum,DESC
RY584648,28,1,1,2,ingangsDatum,DESC
RX789096,28,5,7,1,documentOmschrijving,ASC
IC192494,28,1,1,1,ingangsDatum,DESC
RV450503,28,2,3,1,ingangsDatum,DESC
RO513168,28,1,1,2,ingangsDatum,DESC
RO138161,28,1,1,1,ingangsDatum,DESC
RZ319668,28,1,1,1,ingangsDatum,DESC
RO1029975,28,1,2,1,ingangsDatum,ASC
RZ329452,28,1,1,1,ingangsDatum,DESC
IC187288,27,1,1,1,ingangsDatum,DESC
IC203507,27,1,1,2,ingangsDatum,DESC
RZ141916,27,1,1,1,ingangsDatum,DESC
RZ308152,27,1,1,1,ingangsDatum,DESC
RU101975,27,1,1,2,ingangsDatum,DESC
IC251197,27,1,1,1,ingangsDatum,DESC
IC229245,27,1,1,2,ingangsDatum,ASC
IC258786,27,3,4,2,documentOmschrijving,ASC
RX521048,26,2,3,2,ingangsDatum,DESC
RO519804,26,1,1,2,ingangsDatum,DESC
RP310817,26,1,1,1,ingangsDatum,DESC
IC136830,26,1,1,2,ingangsDatum,DESC
RV754723,26,1,1,1,documentOmschrijving,ASC
RY943595,26,1,1,1,ingangsDatum,DESC
IC284698,26,1,1,1,ingangsDatum,DESC
RX815375,26,1,1,2,documentDateModified,DESC
UA006910,26,2,3,1,ingangsDatum,DESC
RU416641,26,1,1,2,ingangsDatum,DESC
RY997661,26,1,1,1,ingangsDatum,DESC
RQ147863,26,1,1,2,ingangsDatum,DESC
RY962693,25,1,1,1,ingangsDatum,DESC
RX932295,25,1,1,1,documentOmschrijving,ASC
UA009787,25,1,1,2,ingangsDatum,DESC
RY858835,25,2,3,2,documentOmschrijving,DESC
RZ290015,25,1,1,2,ingangsDatum,DESC
IC251438,25,1,1,2,ingangsDatum,DESC
RZ308209,25,1,1,1,ingangsDatum,DESC
RZ283710,25,1,1,1,ingangsDatum,DESC
RY647161,24,1,1,2,ingangsDatum,DESC
RY551442,24,1,1,1,ingangsDatum,DESC
RY687189,24,1,1,1,ingangsDatum,DESC
RQ946546,24,1,1,1,ingangsDatum,DESC
RZ321613,24,1,1,2,ingangsDatum,DESC
RY1003363,24,1,1,1,documentDateModified,ASC
RX630961,24,1,1,2,ingangsDatum,DESC
RO644257,24,1,1,1,ingangsDatum,DESC
RY1005641,23,1,1,1,ingangsDatum,DESC
RO287783,23,1,1,2,ingangsDatum,DESC
RX328581,23,1,1,2,ingangsDatum,DESC
RO963476,23,1,1,2,documentOmschrijving,DESC
RY871083,23,1,1,2,ingangsDatum,DESC
RY545809,23,1,1,2,ingangsDatum,DESC
RX872245,23,1,1,1,ingangsDatum,DESC
RY860908,23,1,1,2,ingangsDatum,DESC
RZ314936,22,1,1,1,ingangsDatum,DESC
IC278076,22,1,1,1,ingangsDatum,DESC
RP136161,22,1,1,1,ingangsDatum,DESC
RY853226,22,1,1,1,ingangsDatum,DESC
IC251428,22,2,2,2,ingangsDatum,DESC
RP482811,22,1,2,2,documentDateModified,DESC
RX927955,22,1,1,2,ingangsDatum,DESC
RY992264,22,1,1,2,ingangsDatum,DESC
RZ215924,22,1,1,2,ingangsDatum,DESC
RX780932,22,1,1,2,ingangsDatum,DESC
RQ384302,22,1,1,1,documentOmschrijving,ASC
RQ487578,22,1,1,1,ingangsDatum,ASC
RW774222,21,1,1,1,documentOmschrijving,ASC
IC255636,21,1,1,2,ingangsDatum,DESC
IC290336,21,2,3,2,ingangsDatum,DESC
RY903347,21,1,1,1,vervallen,ASC
RT382772,21,1,1,1,ingangsDatum,DESC
RV123308,21,2,2,2,documentDateModified,DESC
RX930458,21,1,1,1,ingangsDatum,DESC
RY961753,21,1,1,1,ingangsDatum,DESC
RW816378,21,1,2,2,ingangsDatum,DESC
RY1002948,21,1,1,1,ingangsDatum,DESC
UA009933,21,1,1,1,ingangsDatum,DESC
RY493478,21,1,1,1,ingangsDatum,DESC
IC296504,21,1,1,2,ingangsDatum,DESC
RT936323,21,1,1,1,ingangsDatum,DESC
IC258105,21,1,1,2,documentDateModified,DESC
RO367724,21,1,1,2,ingangsDatum,ASC
RX550922,20,1,1,1,ingangsDatum,DESC
RP851293,20,1,1,1,ingangsDatum,DESC
IC238734,20,1,1,1,ingangsDatum,DESC
RW637240,20,1,1,1,ingangsDatum,DESC
RO741556,20,1,1,2,ingangsDatum,DESC
RU202860,20,1,1,1,documentAnnotated,ASC
RZ203523,20,1,1,2,ingangsDatum,DESC
IC140080,20,1,1,2,ingangsDatum,DESC
RU389639,20,1,1,1,ingangsDatum,DESC
RO518429,20,1,2,2,documentOmschrijving,ASC
IC207146,20,1,1,1,ingangsDatum,DESC
IC209151,20,1,1,1,ingangsDatum,DESC
RY862593,20,1,1,1,ingangsDatum,DESC
IC267577,20,1,1,1,ingangsDatum,DESC
RY616912,20,1,1,1,ingangsDatum,DESC
RU416247,20,1,1,2,ingangsDatum,DESC
IC208299,20,1,1,2,ingangsDatum,DESC
RZ139387,20,1,1,1,ingangsDatum,DESC
RO219479,20,1,1,1,ingangsDatum,DESC
RO685344,20,1,1,2,ingangsDatum,DESC
RQ393760,20,1,1,1,ingangsDatum,DESC
RY478866,20,1,1,1,ingangsDatum,DESC
RO175811,20,1,1,2,ingangsDatum,DESC
RX270979,20,1,1,1,ingangsDatum,DESC
RO126644,19,1,1,2,ingangsDatum,DESC
RX369439,19,1,1,1,ingangsDatum,DESC
RZ185731,19,2,3,2,ingangsDatum,DESC
RY871794,19,1,1,1,ingangsDatum,DESC
RY737737,19,1,1,2,ingangsDatum,DESC
IC251437,19,1,1,2,ingangsDatum,DESC
RO654379,19,1,1,2,documentOmschrijving,DESC
RS637409,19,1,1,1,ingangsDatum,DESC
RX277694,19,1,1,2,ingangsDatum,DESC
RZ206569,18,1,1,2,ingangsDatum,DESC
RW761237,18,1,1,2,ingangsDatum,ASC
RW761075,18,1,1,2,ingangsDatum,DESC
RZ288168,18,1,1,1,ingangsDatum,DESC
IC217927,18,1,1,1,ingangsDatum,DESC
RO443969,18,1,1,1,ingangsDatum,DESC
IC255897,18,1,1,2,ingangsDatum,DESC
RX540946,18,1,1,1,ingangsDatum,DESC
RO480700,18,1,1,2,ingangsDatum,DESC
RT368917,18,1,1,2,ingangsDatum,DESC
RZ247420,18,1,1,1,ingangsDatum,DESC
RY984800,18,1,1,1,ingangsDatum,DESC
RY962610,18,1,1,1,ingangsDatum,DESC
RY243031,18,1,1,1,ingangsDatum,DESC
RW912949,17,1,1,1,ingangsDatum,DESC
RZ299728,17,1,1,1,ingangsDatum,DESC
RY990410,17,1,1,1,ingangsDatum,DESC
RZ336745,17,1,1,2,ingangsDatum,DESC
IC279781,17,1,1,1,ingangsDatum,DESC
IC223334,17,1,1,1,ingangsDatum,DESC
RV785372,17,1,1,1,ingangsDatum,DESC
RZ287644,17,1,1,1,ingangsDatum,DESC
RY286518,17,1,1,2,ingangsDatum,DESC
RY857098,17,2,2,1,documentOmschrijving,ASC
RX295117,17,1,1,1,ingangsDatum,DESC
RX516363,17,1,1,1,ingangsDatum,DESC
RT448175,17,1,1,1,ingangsDatum,DESC
IC239430,17,1,1,2,ingangsDatum,DESC
RY588080,17,1,1,2,documentOmschrijving,DESC
RX456816,17,1,2,2,ingangsDatum,DESC
IC216627,17,1,1,1,ingangsDatum,DESC
RY904811,17,1,1,2,ingangsDatum,DESC
RZ358807,17,1,1,1,ingangsDatum,DESC
RW976692,17,1,1,1,ingangsDatum,DESC
RX509655,17,1,1,2,ingangsDatum,DESC
RZ319835,17,1,1,2,ingangsDatum,DESC
RO496362,17,1,1,1,ingangsDatum,DESC
RQ406113,16,1,1,1,ingangsDatum,DESC
RO186962,16,2,2,2,ingangsDatum,DESC
RY584142,16,1,1,1,ingangsDatum,DESC
RZ176280,16,1,1,2,ingangsDatum,DESC
IC175786,16,1,1,2,ingangsDatum,DESC
RY827969,16,1,1,1,ingangsDatum,DESC
RQ738661,16,1,1,1,ingangsDatum,DESC
IC251427,16,1,1,2,documentOmschrijving,ASC
RY870748,16,1,1,1,ingangsDatum,DESC
RZ246380,16,1,1,2,ingangsDatum,DESC
RY186137,16,1,1,1,ingangsDatum,DESC
RQ101621,16,1,1,1,ingangsDatum,DESC
RZ307836,16,1,1,2,ingangsDatum,DESC
RY903328,16,1,2,1,ingangsDatum,DESC
IC296158,16,2,4,1,documentOmschrijving,ASC
RV589390,16,1,1,1,ingangsDatum,DESC
UA006666,16,1,2,1,ingangsDatum,ASC
RZ326188,15,1,1,1,ingangsDatum,DESC
RY496009,15,1,1,1,ingangsDatum,DESC
RO729800,15,1,1,1,ingangsDatum,DESC
RW921944,15,1,1,2,ingangsDatum,DESC
RZ261720,15,1,1,1,ingangsDatum,DESC
RX764378,15,1,1,2,ingangsDatum,DESC
RU523900,15,1,1,1,ingangsDatum,DESC
IC217201,15,1,1,1,ingangsDatum,DESC
RY239925,15,1,1,2,ingangsDatum,DESC
RY393132,15,1,1,2,documentDateModified,DESC
RT193227,15,1,1,1,documentOmschrijving,ASC
RP482981,15,1,1,1,ingangsDatum,DESC
RO389255,15,1,1,1,documentDispositionDate,ASC
IC275236,15,1,1,1,ingangsDatum,DESC
RV924363,15,2,3,1,documentDispositionDate,DESC
RO370143,15,1,1,1,ingangsDatum,DESC
IC231270,15,1,1,1,documentOmschrijving,ASC
RY991138,15,1,1,1,ingangsDatum,DESC
RX303211,15,1,1,1,documentDateModified,DESC
UA008171,15,1,1,1,ingangsDatum,DESC
RY997259,15,1,1,1,ingangsDatum,DESC
IC282225,15,1,1,1,ingangsDatum,DESC
RX506641,15,1,1,1,ingangsDatum,DESC
RY944404,15,1,1,1,documentDateModified,DESC
IC280147,15,1,1,1,ingangsDatum,DESC
RY653151,15,1,1,2,documentDateModified,DESC
IC253791,15,1,1,1,ingangsDatum,DESC
IC248812,15,1,1,1,documentOmschrijving,ASC
RW744108,15,1,1,2,ingangsDatum,DESC
RQ583206,15,1,1,2,ingangsDatum,DESC
RV508707,15,1,1,2,ingangsDatum,DESC
RX610864,15,1,1,1,ingangsDatum,DESC
RY701454,15,1,2,2,ingangsDatum,DESC
RQ889297,14,1,1,1,ingangsDatum,DESC
IC103350,14,1,1,2,ingangsDatum,DESC
IC257466,14,1,1,1,documentDateModified,DESC
RX353053,14,1,1,2,ingangsDatum,DESC
RV804959,14,1,1,2,ingangsDatum,DESC
RO828508,14,1,1,1,ingangsDatum,DESC
RX325332,14,1,1,1,ingangsDatum,DESC
RZ289327,14,1,1,1,ingangsDatum,DESC
RY274824,14,1,1,1,ingangsDatum,DESC
RY858751,14,2,2,2,ingangsDatum,DESC
RY631792,14,1,1,2,ingangsDatum,DESC
RY866785,14,1,1,1,ingangsDatum,DESC
RO603627,14,1,1,2,documentDateModified,DESC
RO533436,14,1,1,1,ingangsDatum,DESC
IC178405,14,1,1,1,ingangsDatum,DESC
RY297674,14,1,1,1,ingangsDatum,DESC
RX362699,14,1,1,2,ingangsDatum,DESC
RY826299,14,1,1,1,ingangsDatum,DESC
RZ101349,14,1,1,1,ingangsDatum,DESC
RY1005986,14,1,1,1,ingangsDatum,DESC
RZ325255,14,1,1,2,ingangsDatum,DESC
IC134671,14,1,1,1,ingangsDatum,DESC
RQ679496,14,1,1,1,documentAnnotated,ASC
RX593624,14,1,1,2,ingangsDatum,DESC
RY539302,14,1,1,1,ingangsDatum,DESC
RZ205873,14,1,1,2,ingangsDatum,DESC
RZ289901,14,1,1,1,ingangsDatum,DESC
RY964362,14,1,1,1,ingangsDatum,DESC
RY616709,14,1,1,2,ingangsDatum,DESC
IC280538,14,1,1,2,documentOmschrijving,ASC
RO126442,14,1,1,2,documentDateModified,DESC
RY729497,14,2,2,1,ingangsDatum,DESC
RX451596,14,1,1,1,ingangsDatum,DESC
RZ178881,14,1,1,2,ingangsDatum,DESC
RQ390105,14,1,1,1,afdeling,ASC
RZ224458,14,2,4,2,ingangsDatum,DESC
RO287903,14,1,1,2,ingangsDatum,DESC
RU125327,14,1,1,2,documentDateModified,DESC
RY870354,14,1,1,1,ingangsDatum,DESC
RY701447,13,1,1,1,ingangsDatum,DESC
RP783440,13,1,1,2,ingangsDatum,DESC
RO679264,13,1,1,1,ingangsDatum,DESC
RY655694,13,1,1,1,ingangsDatum,DESC
RY862695,13,1,2,2,ingangsDatum,DESC
RX474189,13,1,1,2,ingangsDatum,DESC
RY900882,13,1,1,1,ingangsDatum,DESC
RX780891,13,2,2,2,ingangsDatum,DESC
RZ215990,13,1,1,1,ingangsDatum,DESC
IC175246,13,1,1,1,ingangsDatum,DESC
RX587664,13,1,1,2,ingangsDatum,ASC
IC177117,13,1,1,2,documentOmschrijving,ASC
IC240266,13,1,1,1,ingangsDatum,DESC
UA001727,13,1,1,1,ingangsDatum,DESC
IC209142,13,1,1,1,ingangsDatum,DESC
IC150729,13,1,1,2,documentDateModified,DESC
IC144021,13,1,1,1,ingangsDatum,DESC
RY956523,13,1,1,1,ingangsDatum,DESC
RT130368,13,1,1,1,ingangsDatum,ASC
IC114957,13,1,1,1,ingangsDatum,DESC
RY457745,13,1,1,2,ingangsDatum,ASC
RP336825,13,1,1,1,documentSize,ASC
UA011900,13,1,1,2,ingangsDatum,DESC
RX472255,13,1,1,1,ingangsDatum,DESC
RZ324295,13,1,1,1,ingangsDatum,DESC
RV450332,13,1,1,1,ingangsDatum,ASC
RP772967,13,1,1,1,ingangsDatum,DESC
RX346402,13,1,1,1,ingangsDatum,DESC
RT1003783,13,1,1,2,ingangsDatum,DESC
RO523801,13,1,1,2,ingangsDatum,DESC
RQ468751,13,1,1,1,ingangsDatum,DESC
UA011777,13,1,1,1,ingangsDatum,DESC
RY495896,13,1,1,1,documentOmschrijving,DESC
RQ490190,13,1,1,1,ingangsDatum,DESC
RO623535,13,1,1,2,ingangsDatum,DESC
RZ215880,13,1,1,1,ingangsDatum,DESC
RY867831,13,1,1,2,ingangsDatum,DESC
IC197458,13,1,1,2,ingangsDatum,DESC
RY906004,13,1,1,1,ingangsDatum,DESC
IC282292,13,1,1,1,ingangsDatum,DESC
RT328458,13,1,1,1,ingangsDatum,DESC
RP733149,13,1,1,1,ingangsDatum,DESC
RO984300,13,1,1,1,documentAnnotated,ASC
RZ175616,13,1,1,1,ingangsDatum,DESC
RY139830,13,1,1,1,ingangsDatum,DESC
RY753606,12,1,1,1,ingangsDatum,DESC
RZ141111,12,1,1,1,ingangsDatum,DESC
RO177899,12,2,3,1,ingangsDatum,DESC
RV379417,12,1,1,1,ingangsDatum,DESC
RZ261924,12,1,1,1,ingangsDatum,DESC
RY502250,12,1,1,1,ingangsDatum,DESC
RY496095,12,1,1,2,ingangsDatum,DESC
RX764383,12,1,1,2,ingangsDatum,DESC
RY342778,12,1,1,1,ingangsDatum,DESC
RZ275384,12,1,1,1,ingangsDatum,DESC
RY992570,12,1,1,1,ingangsDatum,DESC
RZ206515,12,1,1,2,ingangsDatum,DESC
RZ246633,12,1,1,1,ingangsDatum,DESC
RZ176490,12,3,6,1,documentOmschrijving,ASC
RY268368,12,1,1,1,ingangsDatum,DESC
UA004497,12,1,1,1,ingangsDatum,DESC
RW885639,12,1,1,1,ingangsDatum,DESC
RQ531161,12,1,1,1,ingangsDatum,DESC
IC221878,12,1,1,2,ingangsDatum,DESC
RZ306699,12,1,1,1,ingangsDatum,DESC
IC208321,12,1,2,1,ingangsDatum,DESC
RY108875,12,1,1,1,ingangsDatum,DESC
RO928306,12,1,1,1,ingangsDatum,DESC
RY938150,12,1,1,2,ingangsDatum,DESC
RY245123,12,1,1,1,ingangsDatum,DESC
RU107301,12,1,1,1,ingangsDatum,DESC
IC237398,12,1,1,1,ingangsDatum,DESC
RZ336780,12,1,1,1,ingangsDatum,DESC
RV747194,12,1,1,2,ingangsDatum,DESC
RZ314486,12,1,2,1,ingangsDatum,DESC
IC139321,12,1,1,2,ingangsDatum,DESC
RQ456941,12,1,1,1,ingangsDatum,DESC
UA008466,12,1,1,1,ingangsDatum,DESC
RW644271,12,2,2,1,documentOmschrijving,ASC
RY830799,12,1,1,1,ingangsDatum,DESC
IC261879,12,1,1,1,ingangsDatum,DESC
RY618242,11,1,1,1,ingangsDatum,DESC
RZ319892,11,1,1,2,ingangsDatum,DESC
RZ319644,11,1,1,1,ingangsDatum,DESC
RX460050,11,4,5,2,ingangsDatum,ASC
IC121159,11,1,1,2,ingangsDatum,DESC
RY678565,11,1,1,1,ingangsDatum,DESC
RX635956,11,1,1,2,ingangsDatum,DESC
IC132439,11,1,1,1,ingangsDatum,DESC
RQ267001,11,1,1,1,ingangsDatum,ASC
RY950644,11,1,1,1,ingangsDatum,DESC
RY962697,11,1,1,2,ingangsDatum,DESC
IC202706,11,1,1,1,ingangsDatum,DESC
RW523784,11,1,1,1,ingangsDatum,DESC
UA008095,11,1,1,1,ingangsDatum,DESC
IC295239,11,1,1,1,ingangsDatum,DESC
RV546104,11,1,1,1,ingangsDatum,DESC
RZ179504,11,1,1,1,ingangsDatum,DESC
RX880268,11,1,1,2,ingangsDatum,DESC
RQ508519,11,1,1,1,ingangsDatum,DESC
RQ702213,11,1,1,1,ingangsDatum,DESC
IC250881,11,2,3,1,ingangsDatum,DESC
RY991071,11,1,1,1,ingangsDatum,DESC
RV622478,11,1,1,2,ingangsDatum,DESC
RW496622,11,1,1,1,ingangsDatum,DESC
RY635477,11,1,1,1,ingangsDatum,DESC
IC259288,11,1,1,1,ingangsDatum,DESC
RY826203,11,1,1,1,ingangsDatum,DESC
RO337298,11,1,1,1,ingangsDatum,DESC
RS711038,11,1,1,1,ingangsDatum,DESC
RY1003200,11,1,1,1,ingangsDatum,DESC
RY798383,11,1,1,1,documentDateModified,DESC
RY554259,11,1,1,1,ingangsDatum,DESC
RZ222445,11,1,1,1,ingangsDatum,DESC
RY1010489,11,1,1,1,ingangsDatum,DESC
RX229203,11,1,1,1,ingangsDatum,DESC
RQ117166,11,1,1,1,ingangsDatum,DESC
RT168561,11,2,2,1,documentOmschrijving,ASC
IC284958,11,1,1,1,ingangsDatum,DESC
RS437982,11,1,1,2,documentOmschrijving,DESC
RQ492924,11,1,1,1,ingangsDatum,DESC
RU123299,11,1,1,1,ingangsDatum,DESC
IC286477,11,1,1,1,ingangsDatum,DESC
RY861676,11,1,1,1,ingangsDatum,DESC
RX679747,11,1,1,2,ingangsDatum,DESC
RZ207351,11,1,1,1,ingangsDatum,DESC
RZ213595,11,1,1,1,ingangsDatum,ASC
RY584195,11,1,1,1,ingangsDatum,DESC
RY580724,10,1,1,1,ingangsDatum,DESC
IC204035,10,1,1,1,ingangsDatum,DESC
IC106786,10,2,3,2,ingangsDatum,DESC
RZ299807,10,1,1,1,ingangsDatum,DESC
RX730527,10,1,1,1,ingangsDatum,DESC
RT418059,10,1,1,2,ingangsDatum,DESC
RZ138908,10,1,1,1,ingangsDatum,DESC
RZ134752,10,1,1,2,ingangsDatum,DESC
RY907631,10,1,1,1,ingangsDatum,DESC
UA008976,10,1,1,1,ingangsDatum,DESC
RY641846,10,1,1,1,documentDateModified,DESC
RY822920,10,1,1,1,ingangsDatum,DESC
RZ293339,10,1,1,1,ingangsDatum,DESC
RW963326,10,1,1,1,ingangsDatum,DESC
IC258788,10,1,1,1,ingangsDatum,DESC
IC256865,10,3,5,1,ingangsDatum,DESC
RY751617,10,1,1,1,ingangsDatum,DESC
RX591271,10,1,1,1,ingangsDatum,DESC
RU637105,10,1,1,1,ingangsDatum,DESC
RX538974,10,1,1,1,ingangsDatum,DESC
RQ318909,10,1,1,1,documentDateModified,DESC
RY690241,10,1,1,1,ingangsDatum,DESC
RU659329,10,1,1,1,ingangsDatum,DESC
RZ326872,10,1,1,1,ingangsDatum,DESC
IC238502,10,1,1,1,documentOmschrijving,ASC
RY835838,10,1,1,2,ingangsDatum,DESC
RU465026,10,1,1,1,documentOmschrijving,ASC
RY781292,10,1,1,1,ingangsDatum,DESC
RO216958,10,1,1,1,documentDispositionDate,DESC
RP482603,10,1,1,2,ingangsDatum,DESC
RW774792,10,2,4,1,documentDateModified,DESC
RP530657,10,1,1,2,ingangsDatum,DESC
RZ246448,10,1,1,1,ingangsDatum,DESC
RX290308,10,1,1,1,ingangsDatum,DESC
RQ460595,10,1,1,1,ingangsDatum,DESC
RZ278051,10,1,1,1,documentOmschrijving,ASC
RY826639,10,1,1,2,ingangsDatum,DESC
IC295519,10,1,1,2,ingangsDatum,DESC
IC297234,10,1,1,1,ingangsDatum,DESC
RY689539,10,1,1,1,documentDateModified,DESC
IC204385,10,1,1,2,documentDateModified,DESC
UA007358,10,1,1,1,ingangsDatum,DESC
RY1034599,10,1,1,2,ingangsDatum,DESC
RY740039,10,1,1,2,documentDateModified,DESC
RP213038,10,1,1,2,ingangsDatum,DESC
RY620179,10,1,1,1,ingangsDatum,DESC
IC273890,10,1,1,2,ingangsDatum,DESC
RZ245007,10,1,1,1,ingangsDatum,DESC
RY906057,10,1,1,1,ingangsDatum,DESC
RY999261,10,1,1,1,ingangsDatum,DESC
RX784893,10,1,1,1,ingangsDatum,DESC
RQ493499,10,1,1,1,ingangsDatum,DESC
IC234175,10,1,2,2,ingangsDatum,DESC
IC107995,10,2,3,1,ingangsDatum,DESC
RX764386,10,1,1,2,ingangsDatum,DESC
RY544009,10,1,1,1,ingangsDatum,DESC
RX428831,10,1,1,1,ingangsDatum,DESC
UA007304,9,1,1,1,documentDateModified,DESC
RT187316,9,1,1,2,ingangsDatum,DESC
RX302843,9,1,1,1,ingangsDatum,DESC
RW779518,9,1,1,1,documentOmschrijving,ASC
RY935056,9,1,1,1,ingangsDatum,DESC
RZ272232,9,1,1,1,ingangsDatum,DESC
RW690429,9,1,1,1,ingangsDatum,DESC
IC204060,9,1,1,1,ingangsDatum,DESC
RY653522,9,1,1,1,ingangsDatum,DESC
RX941097,9,1,1,1,ingangsDatum,ASC
RX882506,9,1,1,1,ingangsDatum,DESC
RZ259378,9,1,1,1,ingangsDatum,DESC
RP419881,9,1,1,1,ingangsDatum,DESC
RY189852,9,1,1,1,ingangsDatum,DESC
RZ274836,9,1,1,2,ingangsDatum,DESC
RS975884,9,1,1,1,ingangsDatum,DESC
RO858180,9,1,1,1,ingangsDatum,DESC
RX329682,9,1,1,1,documentOmschrijving,ASC
IC216342,9,1,1,1,ingangsDatum,DESC
RQ471216,9,1,1,1,ingangsDatum,DESC
RY633391,9,2,2,2,documentOmschrijving,ASC
RZ172975,9,1,1,1,ingangsDatum,DESC
IC238160,9,1,1,1,ingangsDatum,DESC
RO779984,9,1,1,1,ingangsDatum,DESC
RY273199,9,1,1,1,documentDateModified,DESC
RY233731,9,1,1,1,ingangsDatum,DESC
RY649865,9,1,1,1,ingangsDatum,DESC
IC210769,9,2,2,2,documentOmschrijving,DESC
IC279742,9,1,1,1,ingangsDatum,DESC
RU122288,9,1,1,2,ingangsDatum,DESC
RY364258,9,1,1,1,ingangsDatum,DESC
RY202869,9,1,2,1,documentDateModified,DESC
UA005647,9,1,1,1,ingangsDatum,DESC
RX641036,9,1,1,1,ingangsDatum,DESC
RU205654,9,1,1,2,ingangsDatum,DESC
RY853647,9,1,1,1,ingangsDatum,DESC
RV645373,9,1,1,1,ingangsDatum,DESC
IC228022,9,1,1,1,ingangsDatum,DESC
RQ531090,9,1,1,1,ingangsDatum,DESC
RW606020,9,1,1,2,documentOmschrijving,DESC
RO138022,9,1,1,1,ingangsDatum,DESC
RS998975,9,2,2,1,ingangsDatum,DESC
RO308749,9,1,1,2,ingangsDatum,DESC
RX254874,9,1,1,1,documentOmschrijving,ASC
RY967936,9,1,1,2,ingangsDatum,DESC
RY478416,9,1,1,1,ingangsDatum,DESC
IC294390,9,1,1,1,ingangsDatum,DESC
RX916576,9,1,1,1,ingangsDatum,DESC
RW776736,9,1,1,1,ingangsDatum,DESC
IC265066,9,1,1,2,ingangsDatum,DESC
RZ313770,9,1,1,1,ingangsDatum,DESC
RY954779,9,1,1,1,ingangsDatum,DESC
RX490656,9,1,1,1,ingangsDatum,DESC
RZ336692,9,1,1,1,ingangsDatum,DESC
RY866784,9,1,2,1,ingangsDatum,DESC
RX430049,9,1,2,1,ingangsDatum,DESC
UA001863,9,1,1,1,ingangsDatum,DESC
RX764079,9,2,3,2,ingangsDatum,ASC
RY625930,9,1,1,1,ingangsDatum,ASC
RY442779,9,1,1,1,ingangsDatum,DESC
IC294700,9,1,1,1,ingangsDatum,DESC
RV912849,9,1,1,1,ingangsDatum,DESC
IC246870,9,1,1,1,documentDateModified,DESC
RY1005611,9,1,1,1,ingangsDatum,DESC
RU110452,9,1,1,1,ingangsDatum,DESC
RY732107,9,2,2,2,ingangsDatum,DESC
RV648271,9,1,1,1,ingangsDatum,DESC
UA007277,9,1,1,1,ingangsDatum,DESC
RY200599,8,1,1,2,ingangsDatum,DESC
IC271778,8,2,3,1,documentOmschrijving,DESC
RZ246248,8,1,1,2,ingangsDatum,DESC
RZ216512,8,1,1,1,ingangsDatum,DESC
RY997000,8,1,1,1,ingangsDatum,DESC
RV344523,8,1,1,1,ingangsDatum,DESC
IC260217,8,1,1,1,ingangsDatum,DESC
RQ405629,8,1,1,1,ingangsDatum,DESC
RZ187031,8,1,1,1,ingangsDatum,DESC
RZ308396,8,1,1,1,ingangsDatum,DESC
RY689522,8,1,1,2,ingangsDatum,DESC
RX785627,8,1,1,1,ingangsDatum,DESC
RZ268665,8,1,1,1,documentOmschrijving,ASC
RY748604,8,1,1,1,ingangsDatum,DESC
IC204755,8,1,1,1,ingangsDatum,DESC
RW586901,8,1,1,1,documentDateModified,DESC
RY666911,8,1,1,2,ingangsDatum,DESC
RY506275,8,1,1,1,ingangsDatum,DESC
RY1002572,8,1,1,1,ingangsDatum,DESC
RY475250,8,1,1,2,documentDateModified,DESC
RZ216185,8,1,1,2,ingangsDatum,DESC
RZ288141,8,1,1,1,ingangsDatum,DESC
RY855770,8,2,4,2,ingangsDatum,DESC
RZ259363,8,1,1,1,ingangsDatum,DESC
IC268336,8,1,1,1,ingangsDatum,ASC
RZ246937,8,1,1,1,documentOmschrijving,ASC
RY303082,8,1,1,1,ingangsDatum,DESC
RY867827,8,1,1,2,ingangsDatum,DESC
UA000341,8,1,1,1,ingangsDatum,DESC
RO364368,8,2,3,2,ingangsDatum,DESC
IC260601,8,1,1,1,ingangsDatum,DESC
RZ206841,8,1,1,1,documentDateModified,DESC
RY539019,8,1,1,1,ingangsDatum,DESC
RZ266791,8,1,1,1,ingangsDatum,DESC
RY962643,8,1,1,1,ingangsDatum,DESC
RO463032,8,1,1,1,documentAnnotated,DESC
RX538909,8,1,1,2,afdeling,ASC
RX825748,8,1,1,1,ingangsDatum,DESC
RU599043,8,1,1,1,ingangsDatum,DESC
RQ259044,8,1,1,2,ingangsDatum,DESC
RO127112,8,1,1,2,ingangsDatum,DESC
RV472396,8,1,1,1,ingangsDatum,DESC
IC296256,8,1,1,1,ingangsDatum,DESC
RX915459,8,1,1,1,ingangsDatum,DESC
RZ321559,8,1,1,2,bijzonder,ASC
RY746287,8,2,3,1,documentDateModified,DESC
RV789881,8,1,1,2,ingangsDatum,DESC
RZ278014,8,1,1,1,ingangsDatum,DESC
UA005763,8,1,1,2,ingangsDatum,DESC
RY905786,8,1,1,2,ingangsDatum,DESC
UA004512,8,1,1,1,ingangsDatum,DESC
RY685240,8,1,1,2,ingangsDatum,DESC
RZ307620,8,1,1,1,ingangsDatum,DESC
UA006037,8,1,1,1,ingangsDatum,DESC
RO303139,8,1,1,2,ingangsDatum,DESC
IC209174,8,1,1,1,ingangsDatum,DESC
RP616364,8,1,1,1,documentDateModified,DESC
RY1006893,8,1,1,1,ingangsDatum,DESC
RZ208821,8,1,1,1,ingangsDatum,DESC
RY950276,8,1,1,2,ingangsDatum,DESC
RX287257,8,1,1,1,ingangsDatum,DESC
RV575972,8,1,1,1,ingangsDatum,DESC
RX126807,8,1,1,2,ingangsDatum,DESC
RZ213930,8,1,1,1,ingangsDatum,DESC
RZ208269,8,1,1,1,ingangsDatum,DESC
RO989086,8,1,1,1,ingangsDatum,DESC
IC267484,8,1,1,1,ingangsDatum,DESC
RY503093,8,1,1,2,ingangsDatum,DESC
IC216246,8,1,1,2,ingangsDatum,DESC
RY704872,8,1,1,1,ingangsDatum,DESC
RT994917,8,1,1,1,ingangsDatum,DESC
RQ470019,8,1,1,2,ingangsDatum,DESC
RX630580,8,1,1,1,ingangsDatum,DESC
IC254729,8,1,1,2,ingangsDatum,DESC
RX815092,8,2,3,2,documentDateModified,DESC
RT352375,8,1,1,1,ingangsDatum,DESC
RY815217,8,1,1,1,documentDateModified,DESC
RY780754,8,1,1,2,ingangsDatum,DESC
RQ299005,8,1,1,1,ingangsDatum,ASC
UA011912,7,1,1,1,ingangsDatum,DESC
RS513928,7,1,1,1,ingangsDatum,DESC
RV421002,7,1,1,1,ingangsDatum,DESC
RY1011319,7,1,1,1,ingangsDatum,DESC
RO1003213,7,1,2,1,ingangsDatum,DESC
UA008029,7,1,1,1,ingangsDatum,DESC
RY829945,7,1,1,2,ingangsDatum,DESC
RS457518,7,1,1,2,ingangsDatum,DESC
IC224624,7,1,1,1,ingangsDatum,DESC
RY984801,7,1,1,2,ingangsDatum,DESC
RX502615,7,1,1,2,ingangsDatum,DESC
IC259292,7,1,1,2,ingangsDatum,DESC
RX865381,7,1,1,1,ingangsDatum,DESC
IC217924,7,1,1,1,ingangsDatum,DESC
RO593550,7,1,1,1,ingangsDatum,DESC
RW779010,7,1,1,1,ingangsDatum,DESC
RY624425,7,1,1,1,ingangsDatum,DESC
IC292656,7,1,1,1,ingangsDatum,DESC
RW170555,7,1,1,1,ingangsDatum,DESC
RZ218805,7,1,1,1,ingangsDatum,DESC
RW1022426,7,1,1,1,ingangsDatum,DESC
RZ213724,7,1,1,1,ingangsDatum,DESC
RQ346970,7,1,1,1,ingangsDatum,DESC
RQ257570,7,1,1,1,ingangsDatum,DESC
RT186712,7,1,1,1,ingangsDatum,DESC
RZ217959,7,1,1,1,ingangsDatum,DESC
RY154121,7,1,1,2,ingangsDatum,DESC
RQ143992,7,1,1,1,ingangsDatum,ASC
RY549151,7,1,1,1,ingangsDatum,DESC
RX635338,7,1,1,2,ingangsDatum,DESC
IC231889,7,1,1,1,ingangsDatum,DESC
RZ176093,7,1,1,1,documentOmschrijving,DESC
IC100655,7,1,1,1,documentDateModified,DESC
RP830570,7,1,1,1,ingangsDatum,DESC
RY527991,7,1,1,1,ingangsDatum,DESC
IC159590,7,1,1,2,ingangsDatum,DESC
RX865723,7,1,1,2,ingangsDatum,DESC
IC240111,7,1,1,1,ingangsDatum,DESC
RY327196,7,1,1,2,ingangsDatum,DESC
RZ138914,7,1,1,1,ingangsDatum,DESC
RS495174,7,1,1,1,ingangsDatum,DESC
RP401704,7,1,1,1,ingangsDatum,DESC
IC287045,7,1,1,2,documentOmschrijving,ASC
RO224390,7,1,1,2,ingangsDatum,DESC
IC215398,7,1,1,2,documentDateModified,DESC
RX377426,7,1,1,1,ingangsDatum,DESC
RO733233,7,1,1,2,ingangsDatum,DESC
RQ579208,7,1,1,1,ingangsDatum,DESC
RY232043,7,1,1,1,ingangsDatum,DESC
IC194895,7,1,1,2,ingangsDatum,DESC
IC120249,7,3,4,1,vrij3,ASC
UA000414,7,1,1,1,ingangsDatum,DESC
IC235023,7,1,1,1,ingangsDatum,DESC
RY394738,7,1,1,1,ingangsDatum,DESC
RX300483,7,1,1,1,ingangsDatum,DESC
RO458391,7,1,1,1,ingangsDatum,DESC
RV805794,7,1,1,2,ingangsDatum,DESC
RQ519536,7,1,1,1,ingangsDatum,DESC
RY866576,7,2,4,1,ingangsDatum,DESC
RX391257,7,1,1,1,documentDateModified,DESC
IC208282,7,1,1,1,ingangsDatum,DESC
IC282629,7,1,1,1,ingangsDatum,DESC
RZ186987,7,1,1,1,ingangsDatum,DESC
RY903861,7,1,1,2,ingangsDatum,DESC
RZ252149,7,1,1,1,ingangsDatum,DESC
RW899619,7,1,1,1,ingangsDatum,DESC
RZ272887,7,1,1,2,ingangsDatum,DESC
RX396830,7,1,1,1,ingangsDatum,DESC
RT116402,7,1,1,1,ingangsDatum,DESC
RV388627,7,1,1,1,ingangsDatum,DESC
RO518153,7,1,1,1,ingangsDatum,DESC
RS884187,7,1,1,1,ingangsDatum,DESC
RT948329,7,1,1,1,ingangsDatum,DESC
RX448072,7,1,1,1,ingangsDatum,DESC
RZ272335,7,1,1,1,ingangsDatum,DESC
RV856651,7,1,1,1,ingangsDatum,DESC
RU479992,7,1,1,1,ingangsDatum,DESC
RY1001392,7,1,1,1,ingangsDatum,DESC
RW819942,7,1,1,1,ingangsDatum,DESC
IC160123,6,1,1,2,ingangsDatum,DESC
RZ147169,6,1,1,1,ingangsDatum,DESC
RZ103433,6,1,1,1,ingangsDatum,DESC
RX294537,6,1,1,1,ingangsDatum,DESC
RP159973,6,1,1,1,ingangsDatum,DESC
RX635608,6,1,1,1,ingangsDatum,DESC
RV916016,6,1,1,1,ingangsDatum,DESC
IC244653,6,1,1,1,ingangsDatum,DESC
IC175991,6,1,1,2,ingangsDatum,DESC
RY954737,6,1,1,1,ingangsDatum,DESC
RY858778,6,1,1,2,ingangsDatum,DESC
RX767994,6,1,1,1,ingangsDatum,DESC
RZ291188,6,1,1,1,ingangsDatum,DESC
RX916599,6,1,1,1,ingangsDatum,DESC
UA009066,6,1,1,1,ingangsDatum,DESC
IC124700,6,1,1,1,ingangsDatum,DESC
RX170884,6,1,1,1,documentDateModified,DESC
RX329559,6,1,1,2,ingangsDatum,DESC
RO992357,6,1,1,1,ingangsDatum,DESC
RQ134874,6,1,1,1,ingangsDatum,DESC
RQ888420,6,1,1,1,ingangsDatum,ASC
RY367406,6,1,1,1,ingangsDatum,DESC
RZ243394,6,1,1,2,ingangsDatum,DESC
RY442337,6,1,1,1,ingangsDatum,DESC
RY991301,6,1,1,1,ingangsDatum,DESC
RZ251246,6,1,1,1,ingangsDatum,DESC
RO777950,6,1,1,1,documentAnnotated,ASC
RZ176199,6,1,1,1,ingangsDatum,DESC
RX362220,6,1,1,1,ingangsDatum,DESC
RX295876,6,1,1,1,ingangsDatum,DESC
RY992495,6,1,1,1,ingangsDatum,DESC
RZ208880,6,1,1,1,ingangsDatum,DESC
RU669877,6,1,1,1,ingangsDatum,DESC
RY991702,6,1,1,1,ingangsDatum,DESC
RT974376,6,1,1,1,ingangsDatum,DESC
RZ212021,6,1,1,1,ingangsDatum,DESC
RX480311,6,1,1,1,ingangsDatum,DESC
RZ282447,6,1,1,1,ingangsDatum,DESC
RW896152,6,1,1,1,ingangsDatum,DESC
RZ338634,6,1,2,1,ingangsDatum,DESC
RX252445,6,1,1,1,ingangsDatum,DESC
IC232740,6,2,2,1,importDate,DESC
RO915770,6,1,1,1,ingangsDatum,DESC
RZ112451,6,1,1,1,ingangsDatum,DESC
RY137495,6,1,1,1,ingangsDatum,DESC
RQ566777,6,1,1,1,documentDateModified,DESC
IC289596,6,1,1,1,ingangsDatum,DESC
RZ105956,6,1,2,2,ingangsDatum,ASC
IC290871,6,1,1,1,bijzonder,ASC
IC120970,6,1,1,1,ingangsDatum,DESC
RU730476,6,1,1,1,ingangsDatum,DESC
RY709733,6,1,1,1,ingangsDatum,DESC
RU389841,6,1,1,1,ingangsDatum,DESC
RX290564,6,1,1,1,ingangsDatum,DESC
RX295434,6,1,1,1,documentDateModified,DESC
RY784469,6,1,1,1,ingangsDatum,DESC
RZ274487,6,1,1,2,ingangsDatum,DESC
RQ591021,6,1,1,1,ingangsDatum,DESC
IC251056,6,1,1,1,ingangsDatum,DESC
UA006564,6,1,1,1,ingangsDatum,DESC
UA005081,6,1,1,2,ingangsDatum,DESC
RQ484411,6,2,2,1,documentDateModified,ASC
RX936566,6,1,1,2,ingangsDatum,DESC
RS295440,6,1,1,1,ingangsDatum,DESC
RT318881,6,1,1,1,ingangsDatum,DESC
IC269506,6,1,1,1,ingangsDatum,DESC
RU508357,6,1,1,1,ingangsDatum,DESC
IC287882,6,1,1,2,ingangsDatum,DESC
RO216843,6,1,1,1,ingangsDatum,DESC
RT953593,6,1,1,1,ingangsDatum,DESC
RZ319579,6,1,1,1,ingangsDatum,DESC
RO224599,6,1,1,1,ingangsDatum,DESC
RY897987,6,2,2,2,ingangsDatum,ASC
IC270257,6,1,1,1,ingangsDatum,DESC
RY800302,6,1,1,1,ingangsDatum,DESC
RY862264,6,1,1,1,ingangsDatum,ASC
RY537714,6,1,1,2,ingangsDatum,DESC
RW911691,6,1,1,1,ingangsDatum,DESC
IC231642,6,1,1,1,ingangsDatum,DESC
RY867828,6,1,1,1,ingangsDatum,DESC
RZ354117,6,1,1,1,ingangsDatum,DESC
RY594752,6,1,1,1,ingangsDatum,DESC
RP441582,6,1,1,1,ingangsDatum,DESC
IC217855,6,1,1,2,ingangsDatum,DESC
RU339849,6,1,1,1,ingangsDatum,DESC
RY504768,5,1,1,2,ingangsDatum,DESC
RO732022,5,1,1,1,ingangsDatum,DESC
RV608478,5,1,1,2,ingangsDatum,DESC
RZ313827,5,1,2,1,ingangsDatum,DESC
RY600894,5,1,1,2,documentDateModified,DESC
RY929437,5,1,1,1,ingangsDatum,DESC
RQ946481,5,1,1,2,documentAnnotated,ASC
RT381119,5,1,1,1,ingangsDatum,DESC
RZ108802,5,1,1,2,ingangsDatum,ASC
IC244481,5,1,1,1,documentDateModified,DESC
IC269479,5,1,1,1,ingangsDatum,ASC
RZ223631,5,2,3,2,ingangsDatum,DESC
RO214268,5,1,1,1,ingangsDatum,DESC
RT127058,5,1,1,2,ingangsDatum,DESC
RW597092,5,1,1,1,ingangsDatum,DESC
RW1006770,5,1,1,1,ingangsDatum,DESC
RX264499,5,1,1,2,ingangsDatum,DESC
RT207045,5,1,1,1,ingangsDatum,DESC
RY816065,5,1,1,1,ingangsDatum,DESC
RY786960,5,1,1,1,ingangsDatum,DESC
RO662650,5,1,1,1,ingangsDatum,DESC
RX813772,5,1,1,1,ingangsDatum,DESC
RX275697,5,1,1,1,ingangsDatum,DESC
RX942278,5,1,1,1,documentOmschrijving,ASC
RU126719,5,1,1,1,ingangsDatum,DESC
RX872112,5,1,1,1,ingangsDatum,DESC
RY822481,5,1,1,1,ingangsDatum,DESC
RP851317,5,1,1,1,ingangsDatum,DESC
RY671379,5,1,1,1,documentDispositionDate,DESC
RZ331827,5,1,1,1,ingangsDatum,DESC
RP369652,5,1,1,1,ingangsDatum,DESC
UA006575,5,1,1,1,ingangsDatum,DESC
IC281668,5,1,1,2,ingangsDatum,DESC
RY750634,5,1,1,2,ingangsDatum,DESC
RY548714,5,1,1,1,documentDateModified,DESC
IC294735,5,1,1,1,ingangsDatum,DESC
RY934141,5,1,1,1,ingangsDatum,DESC
RZ351577,5,1,1,1,ingangsDatum,DESC
IC231227,5,1,1,1,ingangsDatum,DESC
RZ141053,5,1,1,2,ingangsDatum,DESC
UA005490,5,1,1,1,documentDateModified,DESC
RP663934,5,1,1,1,ingangsDatum,DESC
RV356225,5,1,1,1,ingangsDatum,DESC
RT948258,5,1,1,1,ingangsDatum,DESC
RY675248,5,1,1,1,ingangsDatum,DESC
RZ220986,5,1,1,1,ingangsDatum,DESC
RY984793,5,1,1,1,ingangsDatum,DESC
RQ513564,5,1,1,1,ingangsDatum,DESC
RP667760,5,1,1,1,ingangsDatum,DESC
RP227683,5,1,1,1,vervallen,ASC
RS820155,5,1,1,2,ingangsDatum,DESC
RX563667,5,1,1,1,ingangsDatum,DESC
RQ901788,5,1,1,2,ingangsDatum,DESC
RW858447,5,1,1,1,ingangsDatum,DESC
IC128107,5,1,1,2,ingangsDatum,DESC
UA000238,5,1,1,1,ingangsDatum,DESC
RW968253,5,1,1,1,ingangsDatum,DESC
RZ170376,5,1,1,1,ingangsDatum,DESC
UA005074,5,1,1,2,ingangsDatum,DESC
IC242095,5,1,1,1,ingangsDatum,DESC
RZ134235,5,1,1,1,ingangsDatum,DESC
RZ262866,5,1,1,1,ingangsDatum,DESC
IC199787,5,1,1,1,ingangsDatum,DESC
UA005379,5,1,1,1,ingangsDatum,DESC
RX702166,5,1,1,2,ingangsDatum,DESC
RY577352,5,1,1,1,ingangsDatum,DESC
RX621172,5,1,1,1,ingangsDatum,DESC
RZ215554,5,1,1,1,ingangsDatum,DESC
IC255298,5,1,1,1,ingangsDatum,DESC
RO172466,5,1,1,2,ingangsDatum,ASC
RS103078,5,1,1,1,ingangsDatum,DESC
RY419700,5,1,1,1,ingangsDatum,DESC
RY1002798,5,1,1,1,ingangsDatum,DESC
RV477456,5,1,1,1,ingangsDatum,DESC
RO986282,5,1,1,1,ingangsDatum,DESC
IC210125,5,1,1,2,documentDateModified,DESC
IC254791,5,1,1,1,ingangsDatum,DESC
RO338155,5,1,1,1,ingangsDatum,DESC
RY656630,5,1,1,2,ingangsDatum,DESC
RY1012075,5,1,1,1,ingangsDatum,DESC
RT948326,5,1,1,1,ingangsDatum,DESC
RX295461,5,2,2,1,ingangsDatum,DESC
RU123564,5,1,1,1,ingangsDatum,DESC
RX290525,5,1,1,1,ingangsDatum,DESC
RY997676,5,2,4,1,ingangsDatum,DESC
RV644673,5,1,1,2,ingangsDatum,DESC
RV472074,5,1,1,2,ingangsDatum,DESC
IC204639,5,1,1,2,ingangsDatum,DESC
IC220462,5,1,1,1,ingangsDatum,DESC
RT986219,5,1,2,1,ingangsDatum,DESC
IC242901,5,1,1,1,ingangsDatum,DESC
RQ459095,5,1,1,1,ingangsDatum,DESC
IC246176,5,1,1,1,ingangsDatum,DESC
IC248683,5,1,1,1,afdeling,ASC
RX917113,5,1,1,1,ingangsDatum,DESC
RX376617,5,1,1,1,ingangsDatum,DESC
RU124422,5,1,1,1,ingangsDatum,DESC
RY942865,5,1,1,1,ingangsDatum,DESC
RY542460,5,1,1,1,ingangsDatum,DESC
RY526726,5,1,1,1,ingangsDatum,DESC
RW570866,5,1,1,1,documentDateModified,DESC
RY896529,5,1,1,1,documentOmschrijving,ASC
RP808608,5,1,1,2,ingangsDatum,DESC
IC263375,5,1,1,1,documentDateModified,DESC
RX179315,5,3,3,2,vertrouwelijk,ASC
RX277344,5,1,1,1,ingangsDatum,DESC
IC276267,5,3,4,1,ingangsDatum,ASC
RS876815,5,1,1,1,ingangsDatum,DESC
RW774562,5,1,1,1,ingangsDatum,DESC
IC270258,5,1,1,1,ingangsDatum,DESC
IC231263,5,1,1,1,ingangsDatum,DESC
RX245011,5,1,1,2,documentDateModified,DESC
RX333449,5,1,1,1,ingangsDatum,DESC
RU316888,5,1,2,1,ingangsDatum,DESC
IC269962,5,1,1,2,ingangsDatum,DESC
RY835545,5,1,1,1,ingangsDatum,DESC
RX669139,5,1,1,1,ingangsDatum,DESC
RY984803,5,1,1,1,ingangsDatum,DESC
IC280334,5,1,1,1,ingangsDatum,DESC
IC267835,5,1,1,1,documentDateModified,DESC
RQ519773,5,1,1,1,ingangsDatum,DESC
RZ293268,5,1,1,1,ingangsDatum,DESC
RO858855,5,1,1,2,ingangsDatum,ASC
IC290362,5,1,1,1,ingangsDatum,DESC
RY372423,5,1,1,1,ingangsDatum,DESC
RZ245769,5,1,1,1,ingangsDatum,DESC
RU634661,5,1,1,1,ingangsDatum,DESC
RT996202,5,1,1,1,ingangsDatum,DESC
RY822993,5,1,1,1,ingangsDatum,DESC
RZ215907,4,1,1,1,ingangsDatum,DESC
UA004382,4,1,1,1,documentOmschrijving,ASC
RV660030,4,1,1,1,documentDateModified,DESC
RY508699,4,1,1,1,ingangsDatum,DESC
IC294426,4,1,1,1,ingangsDatum,DESC
RS513970,4,1,1,1,ingangsDatum,DESC
RZ290047,4,1,1,1,ingangsDatum,DESC
RQ296022,4,1,1,1,documentDateModified,DESC
RU122137,4,1,1,1,documentDateModified,DESC
RY862437,4,1,1,1,ingangsDatum,DESC
RY187137,4,1,1,1,ingangsDatum,DESC
IC294944,4,1,1,1,ingangsDatum,DESC
UA001729,4,1,1,1,documentDateModified,DESC
UA008919,4,1,1,1,ingangsDatum,DESC
RY702538,4,1,1,1,ingangsDatum,DESC
RY782003,4,1,1,2,ingangsDatum,DESC
IC283297,4,1,1,1,ingangsDatum,DESC
RZ178395,4,2,2,1,ingangsDatum,DESC
RT309943,4,1,1,1,ingangsDatum,DESC
RP307564,4,1,1,1,ingangsDatum,DESC
RX810406,4,1,1,2,ingangsDatum,DESC
RT186598,4,1,1,1,ingangsDatum,DESC
RZ181446,4,1,1,1,ingangsDatum,DESC
RT986224,4,1,1,1,ingangsDatum,DESC
RO632349,4,1,1,1,ingangsDatum,DESC
RQ659805,4,1,1,1,ingangsDatum,DESC
RQ441914,4,1,1,1,ingangsDatum,DESC
RV105428,4,1,1,1,documentOmschrijving,ASC
RQ689883,4,1,1,1,ingangsDatum,DESC
RW653492,4,1,1,1,documentDateModified,DESC
RZ187001,4,1,1,2,ingangsDatum,DESC
RY943665,4,1,1,1,ingangsDatum,DESC
RY649582,4,1,1,1,ingangsDatum,DESC
RY908879,4,1,1,1,ingangsDatum,DESC
IC197463,4,1,1,1,ingangsDatum,DESC
RO721916,4,1,1,1,ingangsDatum,DESC
RV344232,4,1,1,2,ingangsDatum,DESC
RZ284344,4,1,1,1,documentDateModified,DESC
RW901695,4,1,1,1,ingangsDatum,DESC
IC289539,4,1,1,2,ingangsDatum,DESC
RY997237,4,1,1,1,ingangsDatum,DESC
RV526084,4,1,1,2,ingangsDatum,DESC
RO173674,4,1,1,2,ingangsDatum,DESC
RZ133618,4,1,1,1,ingangsDatum,DESC
RP238184,4,1,1,1,ingangsDatum,DESC
IC284692,4,1,1,1,ingangsDatum,DESC
RX630721,4,1,1,1,ingangsDatum,DESC
RV446322,4,1,1,1,ingangsDatum,DESC
RX490599,4,1,1,1,ingangsDatum,DESC
RZ274454,4,1,1,1,ingangsDatum,DESC
RO654530,4,1,1,1,ingangsDatum,DESC
RV601359,4,2,2,1,documentOmschrijving,ASC
RY1001872,4,1,1,1,afdeling,ASC
RQ345507,4,1,1,1,ingangsDatum,DESC
UA009608,4,1,1,2,ingangsDatum,DESC
RX295133,4,1,1,1,ingangsDatum,DESC
IC285456,4,1,1,1,ingangsDatum,DESC
RX610723,4,1,1,1,ingangsDatum,DESC
RY1006890,4,1,1,1,ingangsDatum,DESC
RY192938,4,1,1,2,ingangsDatum,DESC
RY991090,4,1,1,1,ingangsDatum,DESC
RX333405,4,1,1,2,ingangsDatum,DESC
RZ185346,4,1,1,1,ingangsDatum,DESC
RO522721,4,1,1,2,ingangsDatum,DESC
RY893914,4,1,1,1,ingangsDatum,DESC
RS644691,4,1,1,1,ingangsDatum,DESC
IC244449,4,1,1,1,ingangsDatum,DESC
RU584115,4,1,1,1,ingangsDatum,DESC
RW616836,4,1,1,1,ingangsDatum,DESC
IC282040,4,1,1,2,ingangsDatum,DESC
RY784425,4,1,1,1,ingangsDatum,DESC
IC182996,4,1,2,2,ingangsDatum,DESC
RY962441,4,1,1,1,ingangsDatum,DESC
RO938544,4,1,1,1,documentAnnotated,ASC
RX810136,4,1,2,1,documentOmschrijving,DESC
RO947750,4,1,1,1,ingangsDatum,DESC
RZ180728,4,1,2,1,ingangsDatum,DESC
RY589787,4,1,1,1,documentDateModified,DESC
RY228470,4,1,1,1,documentOmschrijving,ASC
RY966049,4,1,1,1,ingangsDatum,DESC
IC257468,4,1,1,1,ingangsDatum,DESC
RO681109,4,1,1,1,ingangsDatum,DESC
RW902359,4,1,1,1,documentAnnotated,ASC
RY727963,4,1,1,1,ingangsDatum,DESC
IC110310,4,1,1,1,ingangsDatum,DESC
RU698332,4,1,1,2,documentDateModified,DESC
RW794338,4,1,1,1,ingangsDatum,DESC
RV542364,4,1,1,1,ingangsDatum,DESC
RY1005636,4,1,1,1,ingangsDatum,DESC
RU467858,4,1,1,1,ingangsDatum,DESC
RT128496,4,1,1,1,documentAnnotated,ASC
RO367654,4,1,1,1,ingangsDatum,DESC
RX345632,4,1,1,1,ingangsDatum,DESC
RZ319945,4,1,1,1,ingangsDatum,DESC
IC256752,4,1,1,1,ingangsDatum,DESC
UA006881,4,1,1,2,ingangsDatum,DESC
RY100781,4,1,1,1,documentDispositionDate,ASC
RY138630,4,1,1,1,ingangsDatum,DESC
RP238271,4,1,1,1,documentDateModified,DESC
RP287884,4,1,1,2,dienstverbandNummer,ASC
RX333351,4,1,1,1,ingangsDatum,DESC
RY782449,4,1,1,2,ingangsDatum,DESC
UA009422,4,1,1,1,ingangsDatum,DESC
RX135597,4,1,1,1,ingangsDatum,DESC
RY984796,4,1,1,2,ingangsDatum,DESC
RQ346291,4,1,1,1,ingangsDatum,DESC
RP385698,4,1,1,1,ingangsDatum,ASC
RO519232,4,1,1,1,ingangsDatum,DESC
IC266057,4,1,2,1,ingangsDatum,ASC
RZ275397,4,1,1,1,documentDateModified,ASC
RT457513,4,1,1,1,ingangsDatum,DESC
RY451850,4,1,1,1,ingangsDatum,DESC
RY1006271,4,1,1,1,ingangsDatum,DESC
RP786411,4,1,1,1,ingangsDatum,DESC
RZ347400,4,1,1,1,ingangsDatum,DESC
IC208286,4,1,1,1,ingangsDatum,DESC
RY233717,4,1,1,1,ingangsDatum,ASC
RO943998,4,1,1,1,ingangsDatum,DESC
RY938151,4,1,1,1,ingangsDatum,DESC
RX531873,4,1,1,2,ingangsDatum,DESC
RZ264168,4,1,1,2,ingangsDatum,ASC
RT1032116,4,1,1,1,ingangsDatum,DESC
IC129446,4,1,1,2,documentDateModified,DESC
RX226165,4,1,1,1,jobDateSubmitted,DESC
RX701598,4,1,1,1,ingangsDatum,ASC
RY908436,4,1,1,1,ingangsDatum,DESC
RO323576,4,1,1,1,ingangsDatum,DESC
IC293798,4,1,1,1,ingangsDatum,DESC
RY942764,4,1,1,1,ingangsDatum,DESC
RU266989,4,1,1,2,ingangsDatum,DESC
RX939306,4,1,1,2,ingangsDatum,DESC
RY238238,4,1,1,1,ingangsDatum,DESC
RZ354798,4,1,1,1,ingangsDatum,DESC
RX910177,4,1,1,1,ingangsDatum,ASC
IC280516,4,1,1,2,ingangsDatum,DESC
RW654590,4,1,1,1,ingangsDatum,DESC
RY506197,4,1,1,1,ingangsDatum,DESC
RZ251193,4,1,1,1,ingangsDatum,DESC
RZ315773,4,1,1,1,ingangsDatum,DESC
RO626597,4,1,1,1,documentDateModified,DESC
RQ706479,4,1,1,1,ingangsDatum,DESC
RP120188,4,1,1,2,ingangsDatum,DESC
IC256860,4,1,1,2,ingangsDatum,DESC
RX313045,4,1,1,1,ingangsDatum,DESC
RP820300,4,1,1,1,ingangsDatum,DESC
RO746263,4,1,1,2,ingangsDatum,DESC
RY741994,4,1,1,1,ingangsDatum,DESC
RY622155,4,1,1,1,ingangsDatum,DESC
RO503117,4,1,1,1,ingangsDatum,DESC
RY962412,4,1,1,1,ingangsDatum,DESC
RX815977,4,1,1,1,ingangsDatum,DESC
UA007278,4,1,1,1,documentDateModified,DESC
RY459855,4,1,1,1,documentDateModified,ASC
RU125694,4,1,1,2,ingangsDatum,DESC
RT319951,4,1,1,1,ingangsDatum,DESC
RZ251009,4,1,1,1,ingangsDatum,DESC
RY944246,4,1,1,1,ingangsDatum,DESC
RX544961,4,1,1,1,ingangsDatum,DESC
RU122265,4,1,1,1,ingangsDatum,DESC
RO632674,4,1,1,1,ingangsDatum,DESC
UA004089,4,1,1,1,ingangsDatum,DESC
RY290347,4,1,1,1,ingangsDatum,DESC
RY633433,4,1,1,1,ingangsDatum,DESC
RV513252,4,1,1,1,ingangsDatum,DESC
RY868183,4,1,1,1,ingangsDatum,DESC
RX928250,4,1,1,1,documentOmschrijving,ASC
RW219866,4,1,1,1,ingangsDatum,DESC
UA008446,4,1,1,1,ingangsDatum,DESC
RY654323,4,2,3,1,ingangsDatum,ASC
RQ902831,3,1,2,1,ingangsDatum,DESC
RQ519801,3,1,1,1,ingangsDatum,ASC
RY404992,3,1,1,1,ingangsDatum,DESC
RS432887,3,1,1,2,ingangsDatum,DESC
RO104887,3,1,1,1,ingangsDatum,DESC
IC296901,3,1,1,1,ingangsDatum,DESC
RW163884,3,1,1,1,documentOmschrijving,ASC
RX605531,3,1,1,1,ingangsDatum,ASC
IC242092,3,1,1,2,ingangsDatum,DESC
RY144869,3,1,1,1,documentDateModified,DESC
RV854430,3,1,1,1,ingangsDatum,DESC
RX459974,3,1,1,1,ingangsDatum,DESC
RZ325506,3,1,1,1,ingangsDatum,DESC
RQ516834,3,1,1,1,ingangsDatum,DESC
RX122818,3,1,1,1,documentDateModified,DESC
RX274096,3,1,1,1,ingangsDatum,DESC
RU132360,3,1,1,1,ingangsDatum,DESC
RP902256,3,1,1,1,ingangsDatum,DESC
RZ214496,3,1,1,1,ingangsDatum,DESC
IC124906,3,2,2,1,ingangsDatum,ASC
RZ168567,3,1,1,1,ingangsDatum,DESC
RZ333964,3,1,1,1,ingangsDatum,DESC
RY674766,3,1,1,1,ingangsDatum,DESC
IC123981,3,1,1,1,vrij1,DESC
IC126466,3,1,1,1,ingangsDatum,DESC
RO364325,3,1,1,1,ingangsDatum,DESC
RY902258,3,1,1,1,ingangsDatum,DESC
RV605789,3,1,1,1,ingangsDatum,DESC
UA007299,3,1,1,1,ingangsDatum,DESC
RY984791,3,1,1,1,ingangsDatum,DESC
IC191000,3,1,1,2,documentDateModified,DESC
RQ249276,3,1,1,2,documentOmschrijving,ASC
RY369986,3,1,1,2,ingangsDatum,DESC
IC196498,3,1,1,1,ingangsDatum,DESC
RX816260,3,1,1,2,ingangsDatum,DESC
RZ211516,3,1,1,1,documentDateModified,DESC
RO623406,3,1,1,1,ingangsDatum,DESC
RU698337,3,1,1,2,ingangsDatum,DESC
RY530416,3,1,1,1,ingangsDatum,DESC
RY478344,3,1,1,1,ingangsDatum,DESC
IC294601,3,1,1,1,ingangsDatum,DESC
RY996620,3,1,1,1,ingangsDatum,DESC
RY936271,3,1,1,1,ingangsDatum,DESC
RY274822,3,1,1,1,ingangsDatum,ASC
RZ211398,3,1,1,1,ingangsDatum,DESC
RY601948,3,1,1,1,ingangsDatum,DESC
RY457697,3,1,1,1,ingangsDatum,DESC
RY868178,3,1,1,1,ingangsDatum,DESC
RQ121201,3,1,1,1,ingangsDatum,DESC
RQ502636,3,1,1,1,ingangsDatum,DESC
UA008499,3,1,1,1,ingangsDatum,DESC
RV413419,3,1,1,1,ingangsDatum,DESC
IC251434,3,1,1,1,ingangsDatum,DESC
RY530625,3,1,1,1,ingangsDatum,DESC
RW183735,3,1,1,1,ingangsDatum,DESC
RY952361,3,1,1,1,ingangsDatum,DESC
RX913345,3,1,1,1,documentDateModified,DESC
RO523829,3,1,1,1,documentDateModified,DESC
RV580684,3,1,1,1,documentDispositionDate,ASC
RO328440,3,1,1,1,ingangsDatum,DESC
RY995735,3,1,1,1,documentDispositionDate,ASC
RY700499,3,1,1,1,ingangsDatum,DESC
RV617538,3,1,1,1,documentDateModified,DESC
RZ223638,3,1,1,1,ingangsDatum,DESC
RW743553,3,1,1,1,ingangsDatum,DESC
RU267134,3,1,1,1,ingangsDatum,DESC
RO517885,3,1,1,2,ingangsDatum,DESC
RO695177,3,1,1,1,ingangsDatum,DESC
RY944399,3,1,1,1,ingangsDatum,DESC
RQ389513,3,1,1,1,ingangsDatum,DESC
RT125818,3,1,1,1,ingangsDatum,DESC
RO213938,3,1,1,1,ingangsDatum,DESC
RW927005,3,1,1,2,ingangsDatum,DESC
RX243365,3,2,3,1,documentDateModified,ASC
RY994184,3,1,1,1,ingangsDatum,DESC
RY730258,3,1,1,1,ingangsDatum,DESC
RY301396,3,1,1,1,ingangsDatum,DESC
RY998526,3,1,1,1,ingangsDatum,DESC
RP902279,3,1,1,1,ingangsDatum,DESC
RQ478069,3,1,1,1,ingangsDatum,DESC
RY104046,3,1,1,1,ingangsDatum,DESC
RY956908,3,1,1,1,ingangsDatum,DESC
RX563201,3,1,1,1,ingangsDatum,DESC
IC217308,3,1,1,1,ingangsDatum,ASC
RY1011349,3,1,1,1,ingangsDatum,DESC
RO389349,3,1,1,1,ingangsDatum,DESC
RY1009398,3,1,1,1,ingangsDatum,DESC
IC294545,3,1,1,2,documentDateModified,DESC
RZ143058,3,1,1,1,ingangsDatum,DESC
RO337158,3,1,1,1,ingangsDatum,DESC
IC209919,3,1,1,1,ingangsDatum,DESC
RZ137929,3,1,1,2,ingangsDatum,DESC
IC192633,3,1,1,1,documentDateModified,DESC
RX329583,3,1,1,2,ingangsDatum,DESC
RY528621,3,1,1,2,ingangsDatum,DESC
RO373082,3,1,1,1,ingangsDatum,DESC
RW194975,3,1,1,2,ingangsDatum,DESC
RO991489,3,1,1,1,ingangsDatum,DESC
RQ512179,3,1,1,1,ingangsDatum,DESC
RO686797,3,1,1,1,ingangsDatum,DESC
RZ275546,3,1,1,1,ingangsDatum,DESC
RU741515,3,1,1,1,ingangsDatum,DESC
RY1000806,3,1,1,1,ingangsDatum,DESC
IC217833,3,1,1,1,ingangsDatum,DESC
RY299637,3,1,1,1,ingangsDatum,DESC
RW919786,3,1,1,1,ingangsDatum,DESC
IC248453,3,1,2,1,ingangsDatum,DESC
RZ325210,3,1,1,1,ingangsDatum,DESC
RZ272727,3,1,1,1,ingangsDatum,DESC
RW531002,3,1,1,1,ingangsDatum,DESC
UA004116,3,1,1,1,documentDateModified,DESC
RZ351460,3,1,1,1,ingangsDatum,DESC
RY196970,3,1,1,1,ingangsDatum,DESC
RP237424,3,1,1,1,ingangsDatum,DESC
RX474916,3,1,1,1,ingangsDatum,DESC
RX492708,3,1,1,1,ingangsDatum,DESC
RO303187,3,1,1,1,ingangsDatum,DESC
RO303147,3,1,1,1,ingangsDatum,DESC
RZ147334,3,1,1,1,ingangsDatum,DESC
RY863670,3,1,1,1,ingangsDatum,DESC
RW576295,3,1,1,1,documentOmschrijving,ASC
RX421435,3,1,1,2,ingangsDatum,DESC
RO398329,3,1,1,1,ingangsDatum,DESC
RP926367,3,1,1,1,ingangsDatum,ASC
UA004563,3,1,1,1,ingangsDatum,DESC
RO730035,3,1,1,1,ingangsDatum,DESC
RX230138,3,1,1,1,ingangsDatum,DESC
RY419213,3,1,1,1,ingangsDatum,DESC
IC104176,3,1,1,1,documentOmschrijving,ASC
RY1010570,3,1,1,1,ingangsDatum,DESC
RW921851,3,1,1,1,ingangsDatum,DESC
RX820031,3,1,1,1,ingangsDatum,DESC
RY899720,3,1,1,1,ingangsDatum,DESC
RO518747,3,1,1,2,ingangsDatum,DESC
RZ245000,3,1,1,1,ingangsDatum,DESC
RP137108,3,1,1,1,ingangsDatum,DESC
RY633782,3,2,3,1,ingangsDatum,ASC
RO519141,3,1,1,1,ingangsDatum,DESC
RZ313931,3,1,1,1,ingangsDatum,DESC
UA000482,3,1,1,1,ingangsDatum,DESC
RU743634,3,1,1,1,ingangsDatum,DESC
RX391406,3,1,1,1,documentDateModified,DESC
RU158854,3,1,1,1,ingangsDatum,DESC
RV338500,3,1,1,1,ingangsDatum,DESC
RQ474489,3,1,1,1,documentDateModified,DESC
RZ248554,3,1,1,1,ingangsDatum,DESC
IC113268,3,1,1,2,ingangsDatum,DESC
RV661001,3,1,1,1,ingangsDatum,DESC
RO985855,3,1,1,1,ingangsDatum,DESC
RY707467,3,1,1,1,ingangsDatum,DESC
RP808728,3,1,1,1,ingangsDatum,DESC
RQ654820,3,1,1,1,ingangsDatum,DESC
RW663039,3,1,1,2,ingangsDatum,DESC
RZ184827,3,1,1,1,ingangsDatum,DESC
RO1019677,3,1,1,2,documentDateModified,DESC
RV433748,3,1,1,1,ingangsDatum,DESC
RZ178672,3,1,1,1,ingangsDatum,DESC
RO523770,3,1,1,1,ingangsDatum,DESC
IC143112,3,1,1,1,ingangsDatum,DESC
IC248938,3,1,1,1,ingangsDatum,DESC
RY706780,3,1,1,1,ingangsDatum,DESC
RP755891,3,1,1,1,ingangsDatum,DESC
IC266518,3,1,1,1,ingangsDatum,DESC
IC135570,3,1,1,1,ingangsDatum,DESC
RZ289239,3,1,1,1,ingangsDatum,DESC
IC290467,3,1,1,1,ingangsDatum,DESC
IC219355,3,1,1,1,ingangsDatum,DESC
RY815113,3,1,1,2,documentDateModified,DESC
RQ347557,3,1,1,2,ingangsDatum,DESC
RQ521641,3,1,1,1,ingangsDatum,DESC
IC290407,3,1,1,2,ingangsDatum,DESC
RX775997,3,1,1,1,ingangsDatum,DESC
RO956975,3,1,1,1,ingangsDatum,DESC
RO944848,3,1,1,1,ingangsDatum,ASC
RO987915,3,1,1,1,ingangsDatum,DESC
RQ134813,3,1,1,1,ingangsDatum,DESC
RZ148243,3,1,1,1,ingangsDatum,DESC
RZ112271,3,2,2,2,ingangsDatum,DESC
RY826636,3,1,1,1,ingangsDatum,DESC
RY634073,3,1,1,1,ingangsDatum,DESC
RY906549,3,1,1,1,ingangsDatum,DESC
RY677249,3,1,2,1,ingangsDatum,DESC
RU208811,3,1,1,1,ingangsDatum,DESC
RO974759,3,1,1,1,documentOmschrijving,ASC
RZ213603,3,1,1,1,ingangsDatum,DESC
RX281038,3,1,1,1,ingangsDatum,DESC
RX617452,3,1,1,2,ingangsDatum,DESC
RW998650,3,1,1,1,ingangsDatum,DESC
RZ256946,3,1,1,1,ingangsDatum,DESC
RZ305613,3,1,1,1,ingangsDatum,DESC
IC214132,3,1,1,1,ingangsDatum,DESC
RX763988,3,1,1,1,ingangsDatum,DESC
RP238320,3,1,1,2,ingangsDatum,DESC
UA006958,3,1,1,1,ingangsDatum,DESC
RW767586,3,1,1,1,ingangsDatum,DESC
IC261248,3,1,1,2,documentDateModified,DESC
RY909972,3,1,1,1,ingangsDatum,DESC
RZ267218,3,1,1,1,ingangsDatum,DESC
RT443990,3,1,1,2,documentOmschrijving,ASC
RO1019758,3,1,1,1,ingangsDatum,DESC
RY1002471,3,1,1,1,ingangsDatum,DESC
RV807443,3,1,1,1,ingangsDatum,DESC
RY906059,3,1,1,2,ingangsDatum,DESC
RX868382,3,1,1,1,documentDateModified,DESC
IC281686,3,1,1,1,ingangsDatum,DESC
RX910135,3,1,1,1,ingangsDatum,DESC
RP785876,3,1,1,1,ingangsDatum,DESC
RX421891,3,1,1,1,ingangsDatum,DESC
RZ283572,3,1,1,1,ingangsDatum,DESC
RX764374,3,1,1,2,ingangsDatum,DESC
RY866788,3,1,1,1,ingangsDatum,DESC
RV661323,3,1,1,1,ingangsDatum,DESC
RX493524,3,1,1,2,ingangsDatum,DESC
IC273183,3,1,1,2,ingangsDatum,DESC
RX785351,3,1,1,1,ingangsDatum,DESC
RU498895,3,1,1,1,ingangsDatum,DESC
RZ222372,3,1,1,1,ingangsDatum,DESC
RQ149944,3,1,1,1,ingangsDatum,DESC
RV600384,2,1,1,1,documentDateModified,ASC
RY510292,2,1,1,1,ingangsDatum,DESC
IC255767,2,1,1,1,documentDateModified,DESC
RY416834,2,1,1,1,ingangsDatum,DESC
IC138715,2,1,1,1,ingangsDatum,DESC
RX266728,2,1,1,1,ingangsDatum,DESC
RW752030,2,1,1,1,ingangsDatum,DESC
IC258466,2,1,1,1,ingangsDatum,DESC
RZ269236,2,1,1,1,ingangsDatum,DESC
RW552725,2,1,1,1,ingangsDatum,DESC
IC137270,2,1,2,1,ingangsDatum,ASC
RZ325444,2,1,1,1,ingangsDatum,DESC
RX555811,2,1,1,1,ingangsDatum,DESC
RY625991,2,1,1,1,ingangsDatum,ASC
RZ215585,2,1,1,1,ingangsDatum,DESC
RT967551,2,1,1,1,ingangsDatum,DESC
RX294157,2,1,1,1,ingangsDatum,DESC
RX437829,2,1,1,1,ingangsDatum,DESC
IC236800,2,1,1,1,ingangsDatum,DESC
IC209471,2,1,1,1,ingangsDatum,DESC
RY710448,2,1,1,1,ingangsDatum,DESC
IC246873,2,1,1,1,ingangsDatum,DESC
UA002256,2,1,2,1,ingangsDatum,ASC
RX350001,2,1,1,2,documentDateModified,DESC
RY533604,2,1,1,1,ingangsDatum,DESC
IC284341,2,1,1,1,ingangsDatum,DESC
RQ470030,2,1,1,1,ingangsDatum,DESC
RY1008581,2,1,1,1,ingangsDatum,DESC
RY833257,2,1,1,1,documentDateModified,DESC
RW862681,2,1,1,1,ingangsDatum,DESC
RX824548,2,1,1,1,ingangsDatum,DESC
RX360703,2,1,1,1,ingangsDatum,DESC
RS823624,2,1,1,1,ingangsDatum,ASC
RV905389,2,1,1,1,ingangsDatum,DESC
IC253804,2,1,1,2,ingangsDatum,DESC
RW853258,2,1,1,1,ingangsDatum,DESC
RX294180,2,1,1,1,ingangsDatum,DESC
RO707200,2,1,1,2,ingangsDatum,DESC
RY787345,2,1,1,1,ingangsDatum,DESC
RZ247160,2,1,1,1,ingangsDatum,DESC
IC290375,2,1,1,1,geldigheidsdatum,ASC
RP643204,2,1,1,1,ingangsDatum,DESC
RP120200,2,1,1,1,ingangsDatum,DESC
RO348018,2,1,1,1,ingangsDatum,DESC
RO407843,2,1,1,1,ingangsDatum,DESC
RY298686,2,1,1,1,documentDateModified,DESC
RW524874,2,1,1,1,ingangsDatum,DESC
RV637301,2,1,1,1,documentDateModified,DESC
RY730979,2,1,1,1,ingangsDatum,DESC
RW103167,2,1,1,1,ingangsDatum,DESC
RQ886104,2,1,1,1,ingangsDatum,DESC
RV320852,2,1,1,1,ingangsDatum,DESC
RX564376,2,1,1,1,ingangsDatum,DESC
RP397284,2,1,1,1,ingangsDatum,DESC
RZ169911,2,1,1,1,ingangsDatum,DESC
RV666030,2,1,2,1,documentDateModified,ASC
RY100437,2,1,1,1,ingangsDatum,DESC
RY990145,2,1,1,1,ingangsDatum,DESC
RY700667,2,1,1,1,documentDateModified,DESC
RZ149462,2,1,1,1,ingangsDatum,DESC
IC241690,2,1,1,2,ingangsDatum,DESC
RY538325,2,1,1,1,ingangsDatum,DESC
RX586195,2,1,1,1,ingangsDatum,DESC
RY140403,2,1,1,1,documentDispositionDate,ASC
RS762502,2,1,1,1,documentDateModified,DESC
RP378961,2,1,1,2,ingangsDatum,DESC
IC149697,2,1,1,1,ingangsDatum,DESC
RX312441,2,1,2,1,ingangsDatum,ASC
RT243296,2,1,1,1,ingangsDatum,DESC
RO654456,2,1,1,1,ingangsDatum,DESC
RP119570,2,1,1,1,ingangsDatum,DESC
IC294039,2,1,1,1,ingangsDatum,DESC
RZ315209,2,1,1,1,ingangsDatum,DESC
RP624884,2,1,1,1,ingangsDatum,DESC
RZ338706,2,1,1,1,ingangsDatum,DESC
RY535701,2,1,1,1,ingangsDatum,DESC
RZ207705,2,1,1,1,documentDateModified,DESC
RV781154,2,1,1,1,ingangsDatum,DESC
IC265033,2,1,1,1,ingangsDatum,DESC
RP213196,2,1,1,1,ingangsDatum,DESC
RX480889,2,1,1,1,ingangsDatum,DESC
RY1002600,2,1,1,1,ingangsDatum,DESC
IC132360,2,1,1,1,ingangsDatum,DESC
RY984799,2,1,1,1,ingangsDatum,DESC
RY908893,2,1,1,1,ingangsDatum,DESC
RO484653,2,1,1,1,ingangsDatum,DESC
RY103680,2,1,1,1,ingangsDatum,DESC
RO393709,2,1,1,1,ingangsDatum,DESC
IC249091,2,1,1,1,documentOmschrijving,DESC
RY741232,2,1,1,1,documentOmschrijving,ASC
RY505335,2,1,1,1,ingangsDatum,DESC
RX828120,2,1,1,1,ingangsDatum,DESC
IC296698,2,1,1,1,documentDateModified,DESC
RQ470273,2,1,1,1,ingangsDatum,DESC
RY906672,2,1,1,1,ingangsDatum,DESC
RY654788,2,1,1,2,ingangsDatum,DESC
RY652796,2,1,1,1,documentOmschrijving,ASC
RX831054,2,1,1,1,ingangsDatum,DESC
RW767610,2,1,1,1,ingangsDatum,DESC
RQ374066,2,1,1,1,documentDispositionDate,ASC
IC218589,2,1,1,1,ingangsDatum,DESC
IC201021,2,1,1,1,ingangsDatum,DESC
IC134437,2,1,1,1,documentOmschrijving,ASC
RO598147,2,1,1,1,ingangsDatum,DESC
RQ423463,2,1,1,1,ingangsDatum,DESC
IC251433,2,1,1,1,ingangsDatum,DESC
RZ305971,2,1,1,1,ingangsDatum,DESC
RQ413914,2,1,1,1,ingangsDatum,DESC
RV780603,2,1,1,1,ingangsDatum,DESC
RQ531755,2,1,1,1,ingangsDatum,DESC
IC150801,2,1,1,1,ingangsDatum,DESC
RX602355,2,1,1,1,ingangsDatum,DESC
RQ705613,2,1,1,1,ingangsDatum,DESC
RY477385,2,1,1,1,ingangsDatum,DESC
RY197308,2,1,1,1,ingangsDatum,DESC
RY474424,2,1,1,1,ingangsDatum,DESC
RQ849927,2,1,1,1,ingangsDatum,DESC
RW760754,2,1,1,1,ingangsDatum,DESC
RX273678,2,1,1,1,documentDateModified,DESC
RX391582,2,1,1,1,ingangsDatum,DESC
IC282579,2,1,1,2,ingangsDatum,DESC
RX825614,2,1,1,1,ingangsDatum,DESC
IC254000,2,1,1,1,ingangsDatum,DESC
RX913980,2,1,1,1,ingangsDatum,DESC
RZ346888,2,1,1,1,documentOmschrijving,ASC
RY758959,2,1,1,1,ingangsDatum,DESC
RT411157,2,1,1,1,ingangsDatum,DESC
RZ168789,2,1,1,2,ingangsDatum,DESC
RO1021417,2,1,1,1,ingangsDatum,DESC
IC248363,2,1,1,1,ingangsDatum,DESC
RS958312,2,1,2,1,ingangsDatum,ASC
RZ261585,2,1,1,1,ingangsDatum,DESC
RV741822,2,1,1,1,ingangsDatum,DESC
RP431568,2,1,1,1,ingangsDatum,DESC
IC278685,2,1,1,1,ingangsDatum,DESC
RV922445,2,1,1,1,ingangsDatum,DESC
IC266925,2,1,1,1,ingangsDatum,DESC
RT187626,2,1,1,1,ingangsDatum,DESC
RY588568,2,1,1,1,ingangsDatum,DESC
RV765770,2,1,1,1,ingangsDatum,DESC
RO810775,2,1,1,1,ingangsDatum,DESC
IC239292,2,1,1,1,ingangsDatum,DESC
RP663817,2,1,1,1,ingangsDatum,DESC
RZ269349,2,1,1,1,ingangsDatum,DESC
RY705713,2,1,1,1,ingangsDatum,DESC
RY370921,2,1,1,1,ingangsDatum,DESC
RP232221,2,1,1,1,ingangsDatum,DESC
UA006284,2,1,1,1,ingangsDatum,DESC
RW734821,2,1,1,1,ingangsDatum,DESC
RZ285050,2,1,1,2,ingangsDatum,DESC
RO975253,2,1,2,1,ingangsDatum,DESC
RW910317,2,1,1,1,ingangsDatum,ASC
RW858534,2,1,1,2,documentDateModified,DESC
IC276875,2,1,1,1,ingangsDatum,DESC
RO681128,2,1,2,1,documentDateModified,ASC
RY658632,2,1,1,2,ingangsDatum,DESC
RZ218308,2,1,1,1,ingangsDatum,DESC
RX104386,2,1,1,1,ingangsDatum,DESC
RV814725,2,1,1,1,ingangsDatum,ASC
RT450717,2,1,1,1,ingangsDatum,ASC
RV385842,2,1,1,1,ingangsDatum,DESC
RX790219,2,1,1,1,ingangsDatum,DESC
RW777405,2,1,1,1,ingangsDatum,DESC
RZ287770,2,1,1,1,ingangsDatum,DESC
RY1002028,2,1,1,2,documentDispositionDate,ASC
RX295346,2,1,1,1,ingangsDatum,DESC
RX380097,2,1,1,1,ingangsDatum,DESC
RZ278551,2,1,1,1,ingangsDatum,DESC
RQ151659,2,1,1,1,ingangsDatum,DESC
RO1021399,2,1,1,1,ingangsDatum,DESC
RO186019,2,1,1,1,ingangsDatum,DESC
RY1010573,2,1,1,1,ingangsDatum,DESC
IC212980,2,1,1,1,ingangsDatum,DESC
RQ469428,2,1,1,1,ingangsDatum,DESC
RS846997,2,1,1,1,ingangsDatum,DESC
RX559870,2,1,1,1,documentDateModified,DESC
RY627443,2,1,1,1,ingangsDatum,DESC
RW585438,2,1,1,2,ingangsDatum,DESC
RP105483,2,1,1,1,ingangsDatum,DESC
RT371326,2,1,1,1,ingangsDatum,DESC
RO947092,2,1,1,1,ingangsDatum,DESC
RY894873,2,1,1,1,ingangsDatum,DESC
RX584940,2,1,2,1,ingangsDatum,ASC
RU675998,2,1,1,1,documentDateModified,DESC
IC263715,2,1,1,1,documentDateModified,DESC
RZ252223,2,1,1,1,ingangsDatum,DESC
RV609042,2,1,1,1,ingangsDatum,DESC
RZ249676,2,1,1,1,ingangsDatum,DESC
RP740280,2,1,1,1,ingangsDatum,DESC
RZ137930,2,1,1,1,ingangsDatum,DESC
RQ583669,2,1,1,1,ingangsDatum,DESC
RP132143,2,1,1,1,ingangsDatum,DESC
RQ411322,2,1,1,1,ingangsDatum,DESC
RP310351,2,1,1,1,ingangsDatum,DESC
RV577406,2,1,1,1,ingangsDatum,DESC
RO518911,2,1,1,1,ingangsDatum,DESC
RW1012008,2,1,1,1,ingangsDatum,DESC
RO504794,2,1,1,1,ingangsDatum,DESC
RZ314089,2,1,1,1,ingangsDatum,DESC
RP842370,2,1,1,1,documentOmschrijving,ASC
RY540060,2,1,1,1,ingangsDatum,DESC
RV742167,2,1,1,1,ingangsDatum,DESC
IC256798,2,1,1,1,ingangsDatum,DESC
IC267830,2,1,1,1,ingangsDatum,DESC
RW790477,2,1,1,1,dienstverbandNummer,DESC
RO520523,2,1,2,1,ingangsDatum,DESC
RV502130,2,1,1,1,ingangsDatum,DESC
RY301834,2,1,1,1,ingangsDatum,DESC
RO716878,2,1,2,1,ingangsDatum,ASC
RZ351548,2,1,1,1,ingangsDatum,DESC
RV924568,2,1,1,1,ingangsDatum,DESC
RY906185,2,1,1,1,ingangsDatum,DESC
RZ184687,2,1,1,1,ingangsDatum,DESC
RY963239,2,1,1,1,ingangsDatum,DESC
RT128978,2,1,1,1,documentDateModified,DESC
UA003767,2,1,1,1,ingangsDatum,DESC
RP136305,2,1,1,1,ingangsDatum,DESC
RQ502779,2,1,1,1,ingangsDatum,DESC
RT392619,2,1,1,1,documentAnnotated,ASC
RP401964,2,1,1,1,ingangsDatum,DESC
RZ325537,2,1,1,1,ingangsDatum,DESC
RV700395,2,1,1,1,ingangsDatum,DESC
RY587899,2,1,1,1,ingangsDatum,DESC
RP774356,2,1,1,2,ingangsDatum,DESC
RX824527,2,1,1,1,ingangsDatum,DESC
RO475630,2,1,1,1,ingangsDatum,DESC
RV656739,2,1,1,1,ingangsDatum,DESC
IC282967,2,1,1,1,ingangsDatum,DESC
RX810968,2,1,1,1,dienstverbandNummer,ASC
UA008227,2,1,1,1,ingangsDatum,DESC
RO551130,2,1,1,2,ingangsDatum,DESC
RP416107,2,1,1,1,ingangsDatum,DESC
IC273794,2,1,1,1,ingangsDatum,DESC
IC253790,2,1,1,1,ingangsDatum,DESC
RO868946,2,1,1,1,ingangsDatum,DESC
RY1010843,2,1,1,1,ingangsDatum,DESC
RV799570,2,1,1,1,ingangsDatum,DESC
RX210036,2,1,1,1,documentAnnotated,DESC
RY138047,2,1,1,2,ingangsDatum,DESC
RO1002636,2,1,1,1,ingangsDatum,DESC
RP157921,2,1,1,1,ingangsDatum,DESC
RY782362,2,1,1,1,ingangsDatum,DESC
RY450501,2,1,1,1,ingangsDatum,DESC
RX503850,2,1,1,1,ingangsDatum,DESC
RY1010491,2,1,1,1,ingangsDatum,DESC
RX768554,2,1,1,2,ingangsDatum,DESC
UA009427,2,1,1,1,ingangsDatum,DESC
RY823606,2,1,1,1,ingangsDatum,DESC
RY784601,2,1,1,1,ingangsDatum,DESC
RO536145,2,1,1,1,documentOmschrijving,DESC
RT336877,2,1,1,1,ingangsDatum,DESC
RO683779,2,1,1,1,ingangsDatum,ASC
RW210621,2,1,1,1,ingangsDatum,DESC
RU122143,2,1,1,1,ingangsDatum,DESC
RO303708,2,1,1,1,ingangsDatum,DESC
RZ347888,2,1,1,1,ingangsDatum,DESC
RU739030,2,1,1,1,ingangsDatum,DESC
IC247614,2,1,1,1,ingangsDatum,DESC
RP212245,2,1,1,1,ingangsDatum,DESC
RX749394,2,1,1,1,ingangsDatum,DESC
RW953140,2,1,1,1,ingangsDatum,DESC
RO142172,2,1,1,1,ingangsDatum,DESC
RZ288098,2,1,1,1,ingangsDatum,DESC
RX473516,2,1,1,1,ingangsDatum,DESC
RY651764,2,1,1,2,documentDateModified,DESC
RO517058,2,1,1,1,ingangsDatum,DESC
IC211299,2,2,2,1,ingangsDatum,ASC
IC112574,2,1,1,1,ingangsDatum,DESC
IC286233,2,1,1,1,ingangsDatum,DESC
UA000583,2,1,2,1,ingangsDatum,DESC
RP482933,2,1,1,1,ingangsDatum,DESC
RP547732,2,1,1,1,ingangsDatum,DESC
RY952001,2,1,1,1,ingangsDatum,DESC
RU132028,2,1,1,1,documentOmschrijving,ASC
RY304152,2,1,1,1,ingangsDatum,DESC
RX825350,2,1,1,1,bijzonder,ASC
IC278754,2,1,1,2,ingangsDatum,DESC
IC295357,2,1,1,2,ingangsDatum,DESC
RY965234,2,1,1,1,ingangsDatum,DESC
RY533927,2,2,2,1,ingangsDatum,DESC
RT101173,2,1,1,1,documentOmschrijving,ASC
RZ132526,2,1,1,1,ingangsDatum,DESC
RZ288695,2,1,1,1,ingangsDatum,DESC
RY400953,2,1,1,1,ingangsDatum,DESC
IC236123,2,1,1,1,ingangsDatum,DESC
RW792830,2,1,1,1,ingangsDatum,DESC
RY893636,2,1,1,1,ingangsDatum,DESC
RY1010723,2,1,1,1,ingangsDatum,DESC
RY1005947,2,1,1,1,ingangsDatum,DESC
RT168571,2,1,1,1,documentAnnotated,ASC
RY359313,2,1,2,1,ingangsDatum,ASC
RY658280,2,1,1,1,ingangsDatum,DESC
RY105969,2,1,1,2,ingangsDatum,DESC
RY995467,2,1,1,2,ingangsDatum,DESC
RO708155,2,1,1,1,ingangsDatum,DESC
RX215808,2,1,1,1,ingangsDatum,DESC
RU125405,2,1,1,1,ingangsDatum,DESC
RY1003248,2,1,1,1,ingangsDatum,DESC
RT112504,2,1,1,1,ingangsDatum,DESC
RQ888729,2,1,1,1,ingangsDatum,DESC
RS991246,2,1,1,1,ingangsDatum,DESC
RQ360674,2,1,1,1,ingangsDatum,DESC
RY101517,2,1,1,1,ingangsDatum,DESC
RO871294,2,1,1,1,ingangsDatum,DESC
RY1008513,2,1,1,2,ingangsDatum,DESC
RY201617,2,1,1,1,ingangsDatum,DESC
RQ531222,2,1,1,2,ingangsDatum,ASC
RP358975,2,1,2,1,ingangsDatum,ASC
RW968798,2,1,1,1,ingangsDatum,DESC
RX614158,2,1,1,1,ingangsDatum,DESC
RY784975,2,1,1,1,ingangsDatum,DESC
IC266924,2,1,1,1,ingangsDatum,DESC
IC152137,2,1,1,1,ingangsDatum,DESC
RY469070,2,1,1,1,ingangsDatum,DESC
IC277740,2,1,1,1,ingangsDatum,DESC
RX296319,2,1,1,1,documentOmschrijving,ASC
RX559600,2,1,1,1,ingangsDatum,DESC
RY660383,2,1,1,1,ingangsDatum,DESC
RU126487,2,1,1,1,ingangsDatum,DESC
RW752126,2,1,1,1,ingangsDatum,DESC
RY527317,2,1,1,1,ingangsDatum,DESC
RX547709,2,1,1,1,ingangsDatum,DESC
RW940661,2,1,1,1,ingangsDatum,ASC
RP149569,2,1,1,1,ingangsDatum,DESC
RX220684,2,1,1,1,ingangsDatum,DESC
RS873603,2,1,1,1,ingangsDatum,DESC
RW997217,2,1,1,1,ingangsDatum,DESC
RZ171728,2,1,1,1,ingangsDatum,DESC
RY502065,2,1,1,1,ingangsDatum,DESC
IC251325,2,1,1,1,documentOmschrijving,DESC
RV856332,2,1,1,1,documentDateModified,DESC
IC279593,2,1,1,1,ingangsDatum,DESC
RP238145,2,1,1,1,ingangsDatum,DESC
RX721223,2,1,1,1,ingangsDatum,DESC
IC213561,2,1,1,1,ingangsDatum,DESC
RV959076,2,1,1,1,ingangsDatum,DESC
RY956466,2,1,1,1,ingangsDatum,DESC
RX544497,2,1,1,1,documentAnnotated,ASC
RQ739510,2,1,1,1,ingangsDatum,DESC
RZ276420,2,1,1,1,ingangsDatum,DESC
RW876284,2,1,1,1,ingangsDatum,DESC
RP150979,2,1,1,1,ingangsDatum,DESC
RX720937,2,1,1,1,ingangsDatum,DESC
RY279666,2,1,1,1,ingangsDatum,DESC
RO682791,2,1,1,1,ingangsDatum,DESC
RY866579,2,1,1,1,ingangsDatum,DESC
RW831728,2,1,1,1,ingangsDatum,DESC
RY969390,2,1,1,1,ingangsDatum,DESC
IC174359,2,1,1,1,ingangsDatum,DESC
RY634469,2,1,1,1,ingangsDatum,DESC
RO580711,2,1,1,1,ingangsDatum,DESC
IC295027,2,1,1,1,ingangsDatum,DESC
IC261999,2,1,1,2,ingangsDatum,DESC
RT188311,2,1,1,1,documentOmschrijving,ASC
RY734508,2,1,2,1,ingangsDatum,ASC
IC209168,2,1,1,1,ingangsDatum,DESC
RY706282,2,1,1,1,ingangsDatum,DESC
UA004623,2,1,1,1,ingangsDatum,DESC
RO360516,2,1,1,1,ingangsDatum,DESC
RZ286049,2,1,1,1,ingangsDatum,DESC
RQ533028,2,1,1,1,ingangsDatum,DESC
UA002094,2,1,1,1,ingangsDatum,DESC
RW102089,2,1,1,1,ingangsDatum,DESC
RU334036,2,1,1,2,ingangsDatum,DESC
RO407523,2,1,1,1,ingangsDatum,DESC
RY944534,2,1,1,1,ingangsDatum,ASC
RY286263,1,1,1,1,ingangsDatum,DESC
RY500329,1,1,1,1,ingangsDatum,DESC
RY967472,1,1,1,1,ingangsDatum,DESC
RW674582,1,1,1,1,ingangsDatum,DESC
RY584726,1,1,1,1,documentDateModified,DESC
RY243032,1,1,1,1,documentOmschrijving,ASC
RW928924,1,1,1,1,ingangsDatum,DESC
RY498352,1,1,1,1,documentDateModified,DESC
RX843786,1,1,1,1,ingangsDatum,DESC
RX776938,1,1,1,1,ingangsDatum,DESC
RY953257,1,1,1,1,ingangsDatum,DESC
RZ262770,1,1,1,1,ingangsDatum,DESC
RY954808,1,1,1,1,ingangsDatum,DESC
RY989457,1,1,1,1,ingangsDatum,DESC
RO974896,1,1,1,1,documentOmschrijving,ASC
RW660336,1,1,1,1,ingangsDatum,DESC
RZ146489,1,1,1,1,ingangsDatum,DESC
RX329688,1,1,1,1,documentDateModified,DESC
RY943372,1,1,1,1,ingangsDatum,DESC
RY241374,1,1,1,1,documentAnnotated,DESC
RQ479235,1,1,1,1,ingangsDatum,DESC
RW781707,1,1,1,1,ingangsDatum,DESC
IC212486,1,1,1,1,ingangsDatum,DESC
RY956024,1,1,1,1,ingangsDatum,DESC
RP212664,1,1,1,1,ingangsDatum,DESC
RX364024,1,1,1,1,ingangsDatum,DESC
RY861344,1,1,1,1,ingangsDatum,DESC
RY858476,1,1,1,1,ingangsDatum,DESC
RQ474035,1,1,1,1,ingangsDatum,DESC
RX766109,1,1,1,1,ingangsDatum,DESC
RO301458,1,1,1,1,ingangsDatum,DESC
RO828667,1,1,1,1,ingangsDatum,DESC
RO684570,1,1,1,1,ingangsDatum,DESC
RX636740,1,1,1,1,ingangsDatum,DESC
RY635112,1,1,1,1,ingangsDatum,DESC
UA007344,1,1,1,1,ingangsDatum,DESC
RS1001989,1,1,1,1,ingangsDatum,ASC
RQ523012,1,1,1,1,ingangsDatum,DESC
IC227685,1,1,1,1,ingangsDatum,DESC
RP190893,1,1,1,1,ingangsDatum,DESC
RO319631,1,1,1,1,ingangsDatum,DESC
RZ147649,1,1,1,1,ingangsDatum,DESC
RO598082,1,1,1,1,ingangsDatum,DESC
RZ264811,1,1,1,1,ingangsDatum,DESC
RY949735,1,1,1,1,ingangsDatum,DESC
RY1005352,1,1,1,1,ingangsDatum,DESC
RX266966,1,1,1,1,ingangsDatum,DESC
RZ173113,1,1,1,1,ingangsDatum,DESC
RZ150865,1,1,1,1,ingangsDatum,DESC
RY544433,1,1,1,1,ingangsDatum,DESC
RV924824,1,1,1,1,ingangsDatum,DESC
RW542471,1,1,1,1,ingangsDatum,DESC
RX825023,1,1,1,1,ingangsDatum,DESC
RY104251,1,1,1,1,ingangsDatum,DESC
RO1030524,1,1,1,1,ingangsDatum,DESC
RW935856,1,1,1,1,ingangsDatum,DESC
RZ265699,1,1,1,1,ingangsDatum,DESC
RV657801,1,1,1,1,documentDateModified,DESC
UA009623,1,1,1,1,ingangsDatum,DESC
UA009740,1,1,1,1,ingangsDatum,DESC
RP892619,1,1,1,1,ingangsDatum,DESC
UA000546,1,1,1,1,ingangsDatum,DESC
RV440165,1,1,1,1,ingangsDatum,DESC
IC109488,1,1,1,1,ingangsDatum,DESC
RO987604,1,1,1,1,ingangsDatum,DESC
RQ484026,1,1,1,1,ingangsDatum,DESC
RP208704,1,1,1,1,ingangsDatum,DESC
RY644034,1,1,1,1,ingangsDatum,DESC
IC285447,1,1,1,1,ingangsDatum,DESC
RW816215,1,1,1,1,ingangsDatum,DESC
RX817117,1,1,1,1,ingangsDatum,DESC
RY421632,1,1,1,1,ingangsDatum,DESC
RX448068,1,1,1,1,ingangsDatum,DESC
RO214306,1,1,1,1,ingangsDatum,DESC
RW163889,1,1,1,1,ingangsDatum,DESC
RY324002,1,1,1,1,ingangsDatum,DESC
RZ179661,1,1,1,1,ingangsDatum,DESC
RZ172949,1,1,1,1,ingangsDatum,DESC
RP119623,1,1,1,1,ingangsDatum,DESC
RO660364,1,1,1,1,ingangsDatum,DESC
RX620989,1,1,1,1,ingangsDatum,DESC
RQ529899,1,1,1,1,ingangsDatum,DESC
RV337602,1,1,1,1,documentAnnotated,DESC
RW928699,1,1,1,1,ingangsDatum,DESC
RO974614,1,1,1,1,ingangsDatum,DESC
RX931124,1,1,1,1,ingangsDatum,DESC
IC294650,1,1,1,1,ingangsDatum,DESC
RW770165,1,1,1,1,ingangsDatum,DESC
RY962954,1,1,1,1,ingangsDatum,DESC
RX290616,1,1,1,1,ingangsDatum,DESC
RX345635,1,1,1,1,ingangsDatum,DESC
RY943594,1,1,1,1,ingangsDatum,DESC
IC226766,1,1,1,1,ingangsDatum,DESC
RX408672,1,1,1,1,ingangsDatum,DESC
RO716618,1,1,1,1,afdeling,DESC
RQ488764,1,1,1,1,ingangsDatum,DESC
RP340527,1,1,1,1,documentDateModified,DESC
RY497261,1,1,1,1,documentOmschrijving,DESC
RV396186,1,1,1,1,ingangsDatum,DESC
RP823115,1,1,1,1,ingangsDatum,DESC
RU689690,1,1,1,1,ingangsDatum,DESC
RO431835,1,1,1,1,ingangsDatum,DESC
RW582830,1,1,1,1,ingangsDatum,DESC
RW898563,1,1,1,1,ingangsDatum,DESC
RY496350,1,1,1,1,ingangsDatum,DESC
RX324604,1,1,1,1,ingangsDatum,DESC
RY741701,1,1,1,1,ingangsDatum,DESC
RY194110,1,1,1,1,ingangsDatum,DESC
RO987942,1,1,1,1,ingangsDatum,ASC
RY699607,1,1,1,1,ingangsDatum,DESC
RX254854,1,1,1,1,ingangsDatum,DESC
RW993139,1,1,1,1,ingangsDatum,DESC
RY835181,1,1,1,1,ingangsDatum,DESC
RV395998,1,1,1,1,ingangsDatum,DESC
RZ168334,1,1,1,1,ingangsDatum,DESC
RY991185,1,1,1,1,ingangsDatum,DESC
RX268283,1,1,1,1,ingangsDatum,DESC
RV414427,1,1,1,1,ingangsDatum,ASC
RZ277924,1,1,1,1,ingangsDatum,DESC
RY963937,1,1,1,1,ingangsDatum,DESC
RW920235,1,1,1,1,ingangsDatum,DESC
RX388967,1,1,1,1,ingangsDatum,DESC
RS463959,1,1,1,1,ingangsDatum,DESC
IC244189,1,1,1,1,ingangsDatum,DESC
RY871642,1,1,1,1,ingangsDatum,DESC
RZ259655,1,1,1,1,ingangsDatum,DESC
RV762453,1,1,1,1,ingangsDatum,DESC
IC217918,1,1,1,1,ingangsDatum,DESC
RX393186,1,1,1,1,ingangsDatum,DESC
RZ330518,1,1,1,1,jobDateSubmitted,DESC
RX617321,1,1,1,1,ingangsDatum,DESC
IC287694,1,1,1,1,documentAnnotated,DESC
RX223121,1,1,1,1,ingangsDatum,DESC
UA005382,1,1,1,1,ingangsDatum,DESC
RQ512186,1,1,1,1,ingangsDatum,DESC
RZ266448,1,1,1,1,ingangsDatum,DESC
RY943010,1,1,1,1,ingangsDatum,DESC
RX874647,1,1,1,1,ingangsDatum,DESC
IC253798,1,1,1,1,ingangsDatum,DESC
RX145748,1,1,1,1,ingangsDatum,DESC
RZ256825,1,1,1,1,ingangsDatum,DESC
IC102276,1,1,1,1,documentDateModified,DESC
RZ142649,1,1,1,1,ingangsDatum,DESC
RY420166,1,1,1,1,ingangsDatum,DESC
RQ529942,1,1,1,1,ingangsDatum,DESC
RQ491058,1,1,1,1,ingangsDatum,DESC
IC294231,1,1,1,1,ingangsDatum,DESC
UA009042,1,1,1,1,ingangsDatum,DESC
RZ282753,1,1,1,1,ingangsDatum,DESC
RO324342,1,1,1,1,ingangsDatum,DESC
RZ249557,1,1,1,1,ingangsDatum,DESC
RZ185496,1,1,1,1,ingangsDatum,DESC
RY951843,1,1,1,1,ingangsDatum,DESC
RY661958,1,1,1,1,ingangsDatum,DESC
RS969361,1,1,1,1,ingangsDatum,DESC
RZ100643,1,1,1,1,ingangsDatum,DESC
IC128423,1,1,1,1,ingangsDatum,DESC
RX187328,1,1,1,1,ingangsDatum,DESC
RY998829,1,1,1,1,ingangsDatum,DESC
RP282981,1,1,1,1,ingangsDatum,DESC
RZ288520,1,1,1,1,ingangsDatum,DESC
RX291775,1,1,1,1,ingangsDatum,DESC
IC219740,1,1,1,1,documentDateModified,DESC
RX425954,1,1,1,1,ingangsDatum,DESC
RY856582,1,1,1,1,ingangsDatum,DESC
RT932044,1,1,1,1,ingangsDatum,DESC
RX277399,1,1,1,1,ingangsDatum,DESC
RY470653,1,1,1,1,ingangsDatum,DESC
RY966503,1,1,1,1,ingangsDatum,DESC
RQ591794,1,1,1,1,documentAnnotated,DESC
IC265034,1,1,1,1,ingangsDatum,ASC
RO355205,1,1,1,1,ingangsDatum,DESC
RY409365,1,1,1,1,ingangsDatum,DESC
RV961494,1,1,1,1,ingangsDatum,DESC
RX517580,1,1,1,1,ingangsDatum,DESC
RY533611,1,1,1,1,ingangsDatum,DESC
IC251711,1,1,1,1,ingangsDatum,DESC
RV832793,1,1,1,1,ingangsDatum,DESC
RY442235,1,1,1,1,ingangsDatum,DESC
RY141651,1,1,1,1,ingangsDatum,DESC
RT318605,1,1,1,1,ingangsDatum,DESC
RY641767,1,1,1,1,ingangsDatum,DESC
RX666973,1,1,1,1,ingangsDatum,DESC
RQ795143,1,1,1,1,ingangsDatum,DESC
IC267684,1,1,1,1,documentDateDeleted,DESC
RX333515,1,1,1,1,ingangsDatum,DESC
RX137962,1,1,1,1,ingangsDatum,DESC
RX537362,1,1,1,1,ingangsDatum,DESC
RY229423,1,1,1,1,ingangsDatum,DESC
IC160892,1,1,1,1,documentOmschrijving,ASC
RZ250020,1,1,1,1,ingangsDatum,DESC
RY234857,1,1,1,1,ingangsDatum,DESC
RX785374,1,1,1,1,ingangsDatum,DESC
IC229737,1,1,1,1,ingangsDatum,DESC
RY530638,1,1,1,1,ingangsDatum,ASC
RQ957536,1,1,1,1,ingangsDatum,DESC
RZ256849,1,1,1,1,ingangsDatum,DESC
RV337825,1,1,1,1,ingangsDatum,DESC
RQ118216,1,1,1,1,ingangsDatum,DESC
RX396700,1,1,1,1,ingangsDatum,DESC
UA004923,1,1,1,1,ingangsDatum,DESC
RV327578,1,1,1,1,documentAnnotated,ASC
RY968271,1,1,1,1,ingangsDatum,DESC
RP882015,1,1,1,1,ingangsDatum,DESC
IC283765,1,1,1,1,ingangsDatum,DESC
RW766535,1,1,1,1,documentAnnotated,ASC
RV823962,1,1,1,1,ingangsDatum,DESC
RQ745227,1,1,1,1,ingangsDatum,DESC
IC230190,1,1,1,1,afdeling,ASC
IC269551,1,1,1,1,ingangsDatum,DESC
RS834205,1,1,1,1,ingangsDatum,DESC
RW597327,1,1,1,1,ingangsDatum,DESC
RS815321,1,1,1,1,ingangsDatum,DESC
RW484807,1,1,1,1,ingangsDatum,DESC
RY527026,1,1,1,1,documentDateModified,ASC
RX392446,1,1,1,1,ingangsDatum,ASC
RO364396,1,1,1,1,ingangsDatum,DESC
UA004973,1,1,1,1,ingangsDatum,DESC
RX351692,1,1,1,1,ingangsDatum,DESC
RV439387,1,1,1,1,ingangsDatum,DESC
RS503212,1,1,1,1,ingangsDatum,DESC
RX565630,1,1,1,1,ingangsDatum,DESC
RO488588,1,1,1,1,ingangsDatum,DESC
RX522235,1,1,1,1,ingangsDatum,DESC
RO982156,1,1,1,1,ingangsDatum,DESC
RO123675,1,1,1,1,ingangsDatum,DESC
RY233854,1,1,1,1,ingangsDatum,DESC
RY474538,1,1,1,1,ingangsDatum,DESC
RY862427,1,1,1,1,ingangsDatum,DESC
RO518547,1,1,1,1,ingangsDatum,DESC
RT507293,1,1,1,1,ingangsDatum,ASC
RV858348,1,1,1,1,ingangsDatum,DESC
RO989344,1,1,1,1,ingangsDatum,DESC
IC200792,1,1,1,1,ingangsDatum,DESC
RZ306888,1,1,1,1,ingangsDatum,DESC
RW143212,1,1,1,1,ingangsDatum,DESC
RO308211,1,1,1,1,ingangsDatum,DESC
RX140820,1,1,1,1,ingangsDatum,ASC
RT948555,1,1,1,1,ingangsDatum,DESC
RY998665,1,1,1,1,documentDateModified,DESC
IC129558,1,1,1,1,ingangsDatum,DESC
RO519022,1,1,1,1,ingangsDatum,DESC
IC258697,1,1,1,1,ingangsDatum,DESC
IC284696,1,1,1,1,ingangsDatum,DESC
RU316313,1,1,1,1,ingangsDatum,DESC
RP407654,1,1,1,1,ingangsDatum,DESC
RW141467,1,1,1,1,ingangsDatum,DESC
RY963394,1,1,1,1,ingangsDatum,DESC
RY944230,1,1,1,1,ingangsDatum,DESC
RW448857,1,1,1,1,ingangsDatum,DESC
RY376088,1,1,1,1,ingangsDatum,DESC
RY984792,1,1,1,1,ingangsDatum,DESC
RQ522005,1,1,1,1,ingangsDatum,DESC
RW650218,1,1,1,1,ingangsDatum,DESC
RZ252279,1,1,1,1,ingangsDatum,DESC
UA011866,1,1,1,1,ingangsDatum,DESC
RW926198,1,1,1,1,ingangsDatum,DESC
RX634692,1,1,1,1,ingangsDatum,DESC
RY751122,1,1,1,1,ingangsDatum,DESC
IC108019,1,1,1,1,documentDateModified,DESC
RY526399,1,1,1,1,ingangsDatum,DESC
RX937323,1,1,1,1,ingangsDatum,DESC
RS820670,1,1,1,1,ingangsDatum,DESC
RP624857,1,1,1,1,ingangsDatum,DESC
RZ178730,1,1,1,1,ingangsDatum,DESC
RX207913,1,1,1,1,ingangsDatum,DESC
RU339283,1,1,1,1,ingangsDatum,DESC
IC202443,1,1,1,1,ingangsDatum,DESC
RX481322,1,1,1,1,ingangsDatum,DESC
RW906518,1,1,1,1,ingangsDatum,DESC
IC287607,1,1,1,1,ingangsDatum,DESC
RY285578,1,1,1,1,ingangsDatum,DESC
RY407485,1,1,1,1,ingangsDatum,DESC
RS635423,1,1,1,1,ingangsDatum,DESC
RY796039,1,1,1,1,ingangsDatum,DESC
IC240256,1,1,1,1,ingangsDatum,DESC
RY953347,1,1,1,1,ingangsDatum,DESC
IC297331,1,1,1,1,ingangsDatum,DESC
RY984789,1,1,1,1,ingangsDatum,DESC
RS475834,1,1,1,1,ingangsDatum,DESC
RP774495,1,1,1,1,ingangsDatum,DESC
UA010616,1,1,1,1,ingangsDatum,DESC
RY743443,1,1,1,1,ingangsDatum,DESC
RX184901,1,1,1,1,ingangsDatum,DESC
RY951577,1,1,1,1,ingangsDatum,DESC
RV884302,1,1,1,1,ingangsDatum,DESC
RW208997,1,1,1,1,ingangsDatum,DESC
RW547905,1,1,1,1,ingangsDatum,DESC
RP119159,1,1,1,1,documentOmschrijving,ASC
RS710001,1,1,1,1,ingangsDatum,DESC
RX830387,1,1,1,1,ingangsDatum,DESC
RX329730,1,1,1,1,ingangsDatum,DESC
RO1005139,1,1,1,1,ingangsDatum,DESC
RX813774,1,1,1,1,ingangsDatum,DESC
RY940261,1,1,1,1,ingangsDatum,DESC
RO650132,1,1,1,1,ingangsDatum,DESC
RY527843,1,1,1,1,ingangsDatum,DESC
RS714485,1,1,1,1,ingangsDatum,DESC
RY285814,1,1,1,1,ingangsDatum,DESC
RX329686,1,1,1,1,dienstverbandNummer,DESC
IC293892,1,1,1,1,ingangsDatum,DESC
RT980646,1,1,1,1,ingangsDatum,DESC
RX611751,1,1,1,1,ingangsDatum,DESC
IC122329,1,1,1,1,ingangsDatum,DESC
RO138220,1,1,1,1,ingangsDatum,DESC
IC250902,1,1,1,1,ingangsDatum,DESC
RZ250145,1,1,1,1,ingangsDatum,DESC
RX814350,1,1,1,1,ingangsDatum,DESC
RV484856,1,1,1,1,ingangsDatum,DESC
RY192453,1,1,1,1,ingangsDatum,DESC
RP767758,1,1,1,1,ingangsDatum,DESC
RX878736,1,1,1,1,ingangsDatum,DESC
RP774307,1,1,1,1,ingangsDatum,DESC
RP416165,1,1,1,1,documentOmschrijving,ASC
RS786410,1,1,1,1,ingangsDatum,DESC
RO215573,1,1,1,1,ingangsDatum,DESC
RQ456161,1,1,1,1,ingangsDatum,DESC
RX625385,1,1,1,1,ingangsDatum,DESC
RX436521,1,1,1,1,ingangsDatum,DESC
RX818542,1,1,1,1,ingangsDatum,DESC
RZ137661,1,1,1,1,ingangsDatum,DESC
RO706343,1,1,1,1,ingangsDatum,DESC
RP289340,1,1,1,1,ingangsDatum,DESC
RO940169,1,1,1,1,ingangsDatum,DESC
RX927982,1,1,1,1,ingangsDatum,DESC
RY956141,1,1,1,1,ingangsDatum,DESC
RZ244843,1,1,1,1,ingangsDatum,DESC
RY968193,1,1,1,1,ingangsDatum,DESC
RW932216,1,1,1,1,ingangsDatum,DESC
RP528345,1,1,1,1,ingangsDatum,DESC
UA000743,1,1,1,1,ingangsDatum,DESC
RY774559,1,1,1,1,ingangsDatum,DESC
RO982452,1,1,1,1,afdeling,DESC
RU493530,1,1,1,1,ingangsDatum,DESC
RX922151,1,1,1,1,documentDateModified,DESC
RY663738,1,1,1,1,ingangsDatum,DESC
RP119962,1,1,1,1,ingangsDatum,DESC
RS722470,1,1,1,1,ingangsDatum,DESC
RT320015,1,1,1,1,ingangsDatum,DESC
IC286143,1,1,1,1,documentDateModified,DESC
IC102660,1,1,1,1,ingangsDatum,DESC
RX557632,1,1,1,1,ingangsDatum,ASC
RZ109999,1,1,1,1,ingangsDatum,DESC
RY869068,1,1,1,1,ingangsDatum,DESC
RY936316,1,1,1,1,ingangsDatum,DESC
RQ118228,1,1,1,1,ingangsDatum,DESC
RX775227,1,1,1,1,ingangsDatum,DESC
RY652140,1,1,1,1,ingangsDatum,DESC
RY711293,1,1,1,1,ingangsDatum,DESC
RO1021558,1,1,1,1,ingangsDatum,DESC
RS806530,1,1,1,1,ingangsDatum,DESC
RX256259,1,1,1,1,ingangsDatum,DESC
RO645326,1,1,1,1,ingangsDatum,ASC
RO339217,1,1,1,1,ingangsDatum,DESC
RX329831,1,1,1,1,ingangsDatum,DESC
RW819085,1,1,1,1,geldigheidsdatum,DESC
RZ278139,1,1,1,1,ingangsDatum,DESC
RT527432,1,1,1,1,ingangsDatum,DESC
RQ492494,1,1,1,1,ingangsDatum,DESC
RO389284,1,1,1,1,documentOmschrijving,ASC
RY731616,1,1,1,1,ingangsDatum,DESC
RO523562,1,1,1,1,ingangsDatum,DESC
RV611624,1,1,1,1,documentDateModified,DESC
RX876836,1,1,1,1,ingangsDatum,DESC
RY580038,1,1,1,1,ingangsDatum,DESC
IC120814,1,1,1,1,ingangsDatum,DESC
RX281169,1,1,1,1,ingangsDatum,DESC
RW483606,1,1,1,1,ingangsDatum,DESC
RY405238,1,1,1,1,ingangsDatum,DESC
IC261884,1,1,1,1,ingangsDatum,DESC
RY476361,1,1,1,1,ingangsDatum,DESC
RX484937,1,1,1,1,documentOmschrijving,ASC
RZ284430,1,1,1,1,ingangsDatum,DESC
RP731940,1,1,1,1,ingangsDatum,DESC
RY236929,1,1,1,1,ingangsDatum,DESC
RW906257,1,1,1,1,ingangsDatum,DESC
RY474636,1,1,1,1,documentDispositionDate,ASC
IC209472,1,1,1,1,ingangsDatum,DESC
RZ315031,1,1,1,1,ingangsDatum,DESC
RP152718,1,1,1,1,ingangsDatum,DESC
RX426608,1,1,1,1,ingangsDatum,DESC
RY1002196,1,1,1,1,ingangsDatum,DESC
RW142248,1,1,1,1,ingangsDatum,DESC
RZ286085,1,1,1,1,ingangsDatum,DESC
RY156688,1,1,1,1,ingangsDatum,DESC
RO584487,1,1,1,1,ingangsDatum,DESC
RV916102,1,1,1,1,documentDateModified,DESC
RY988596,1,1,1,1,ingangsDatum,DESC
RX831377,1,1,1,1,ingangsDatum,DESC
RO650227,1,1,1,1,ingangsDatum,ASC
RV436658,1,1,1,1,ingangsDatum,DESC
RP238095,1,1,1,1,ingangsDatum,DESC
RY943250,1,1,1,1,ingangsDatum,DESC
RY952476,1,1,1,1,ingangsDatum,DESC
RQ901634,1,1,1,1,ingangsDatum,DESC
RY1005195,1,1,1,1,ingangsDatum,DESC
RY907893,1,1,1,1,ingangsDatum,DESC
IC294809,1,1,1,1,documentDateModified,DESC
IC284275,1,1,1,1,jobDateSubmitted,DESC
RT340914,1,1,1,1,ingangsDatum,DESC
RO216532,1,1,1,1,ingangsDatum,DESC
RT162320,1,1,1,1,ingangsDatum,DESC
RW559119,1,1,1,1,ingangsDatum,DESC
RY871795,1,1,1,1,ingangsDatum,DESC
RY821788,1,1,1,1,ingangsDatum,DESC
RY463826,1,1,1,1,ingangsDatum,DESC
RZ276054,1,1,1,1,ingangsDatum,DESC
RQ340286,1,1,1,1,ingangsDatum,DESC
IC204937,1,1,1,1,documentDateModified,DESC
RO991122,1,1,1,1,documentDispositionDate,DESC
RX817250,1,1,1,1,ingangsDatum,DESC
RX214195,1,1,1,1,ingangsDatum,DESC
RX352188,1,1,1,1,documentOmschrijving,ASC
RX921529,1,1,1,1,ingangsDatum,DESC
RX421802,1,1,1,1,jobDateSubmitted,DESC
RO1019627,1,1,1,1,ingangsDatum,DESC
RO213277,1,1,1,1,ingangsDatum,ASC
RZ319556,1,1,1,1,ingangsDatum,DESC
IC219359,1,1,1,1,ingangsDatum,DESC
RU632735,1,1,1,1,ingangsDatum,DESC
RO215259,1,1,1,1,ingangsDatum,DESC
RZ174680,1,1,1,1,ingangsDatum,DESC
RY582461,1,1,1,1,ingangsDatum,DESC
IC191321,1,1,1,1,ingangsDatum,DESC
RX636323,1,1,1,1,ingangsDatum,DESC
IC204028,1,1,1,1,ingangsDatum,DESC
RX219027,1,1,1,1,ingangsDatum,DESC
RW573868,1,1,1,1,documentOmschrijving,DESC
RX263653,1,1,1,1,ingangsDatum,DESC
RY829372,1,1,1,1,ingangsDatum,DESC
RP179685,1,1,1,1,documentOmschrijving,DESC
RU124806,1,1,1,1,ingangsDatum,DESC
IC287589,1,1,1,1,jobDateSubmitted,DESC
IC181488,1,1,1,1,ingangsDatum,DESC
IC122569,1,1,1,1,ingangsDatum,DESC
RS437969,1,1,1,1,ingangsDatum,DESC
RQ680158,1,1,1,1,ingangsDatum,DESC
IC269097,1,1,1,1,ingangsDatum,DESC
RY1012401,1,1,1,1,ingangsDatum,DESC
RQ457420,1,1,1,1,ingangsDatum,DESC
RO1029641,1,1,1,1,ingangsDatum,ASC
RY579433,1,1,1,1,ingangsDatum,DESC
IC278792,1,1,1,1,ingangsDatum,DESC
RX839812,1,1,1,1,documentOmschrijving,ASC
RY861962,1,1,1,1,ingangsDatum,DESC
RP462653,1,1,1,1,ingangsDatum,DESC
RO685688,1,1,1,1,ingangsDatum,DESC
RU125913,1,1,1,1,ingangsDatum,DESC
RY704765,1,1,1,1,ingangsDatum,DESC
RV595034,1,1,1,1,documentOmschrijving,ASC
RX105301,1,1,1,1,ingangsDatum,DESC
RX381947,1,1,1,1,ingangsDatum,DESC
RU745859,1,1,1,1,ingangsDatum,DESC
RX787221,1,1,1,1,ingangsDatum,DESC
RV490726,1,1,1,1,ingangsDatum,DESC
UA005728,1,1,1,1,ingangsDatum,DESC
RQ479220,1,1,1,1,documentDateModified,DESC
UA008194,1,1,1,1,documentDateModified,DESC
RY674261,1,1,1,1,ingangsDatum,DESC
RZ181514,1,1,1,1,documentDateModified,DESC
RP212195,1,1,1,1,ingangsDatum,DESC
RV841314,1,1,1,1,ingangsDatum,DESC
RY654591,1,1,1,1,ingangsDatum,DESC
RQ518881,1,1,1,1,ingangsDatum,DESC
RZ109875,1,1,1,1,ingangsDatum,DESC
RX809906,1,1,1,1,ingangsDatum,DESC
RY138104,1,1,1,1,ingangsDatum,DESC
RX608133,1,1,1,1,ingangsDatum,DESC
RY871800,1,1,1,1,ingangsDatum,DESC
IC295570,1,1,1,1,ingangsDatum,DESC
RY868148,1,1,1,1,ingangsDatum,DESC
RW540348,1,1,1,1,ingangsDatum,DESC
UA000924,1,1,1,1,documentDateModified,DESC
RY408463,1,1,1,1,ingangsDatum,DESC
RO738275,1,1,1,1,ingangsDatum,DESC
RO1029973,1,1,1,1,ingangsDatum,DESC
RQ420491,1,1,1,1,ingangsDatum,DESC
RW721989,1,1,1,1,ingangsDatum,DESC
IC248479,1,1,1,1,ingangsDatum,DESC
IC244173,1,1,1,1,ingangsDatum,DESC
RX233053,1,1,1,1,ingangsDatum,DESC
RY988516,1,1,1,1,ingangsDatum,DESC
IC113383,1,1,1,1,ingangsDatum,DESC
RY643181,1,1,1,1,ingangsDatum,DESC
RX810293,1,1,1,1,ingangsDatum,DESC
RZ279011,1,1,1,1,ingangsDatum,DESC
RO975014,1,1,1,1,ingangsDatum,DESC
IC109489,1,1,1,1,ingangsDatum,DESC
UA010637,1,1,1,1,ingangsDatum,DESC
IC201692,1,1,1,1,ingangsDatum,DESC
RZ275363,1,1,1,1,ingangsDatum,ASC
RY831077,1,1,1,1,ingangsDatum,DESC
RP385289,1,1,1,1,documentDateModified,DESC
RY208194,1,1,1,1,ingangsDatum,DESC
RQ278449,1,1,1,1,ingangsDatum,DESC
IC208287,1,1,1,1,ingangsDatum,DESC
IC235204,1,1,1,1,ingangsDatum,DESC
IC127562,1,1,1,1,documentDateModified,DESC
RO533544,1,1,1,1,ingangsDatum,ASC
RY820650,1,1,1,1,ingangsDatum,DESC
RX641314,1,1,1,1,ingangsDatum,DESC
RY900510,1,1,1,1,documentAnnotated,DESC
RY745695,1,1,1,1,ingangsDatum,DESC
RQ945859,1,1,1,1,ingangsDatum,ASC
RO984546,1,1,1,1,ingangsDatum,DESC
RZ267628,1,1,1,1,ingangsDatum,DESC
RZ209705,1,1,1,1,ingangsDatum,DESC
RZ289738,1,1,1,1,ingangsDatum,DESC
RZ143777,1,1,1,1,ingangsDatum,DESC
RT996895,1,1,1,1,ingangsDatum,DESC
RO864677,1,1,1,1,ingangsDatum,DESC
RP212376,1,1,1,1,ingangsDatum,DESC
RQ893657,1,1,1,1,ingangsDatum,DESC
RY758268,1,1,1,1,ingangsDatum,DESC
RX564130,1,1,1,1,ingangsDatum,DESC
RX640880,1,1,1,1,dienstverbandNummer,ASC
UA005017,1,1,1,1,ingangsDatum,DESC
RY956189,1,1,1,1,ingangsDatum,DESC
RY534529,1,1,1,1,ingangsDatum,DESC
RY992521,1,1,1,1,ingangsDatum,DESC
IC217964,1,1,1,1,ingangsDatum,DESC
RY416762,1,1,1,1,ingangsDatum,DESC
RX830369,1,1,1,1,ingangsDatum,DESC
RS957624,1,1,1,1,ingangsDatum,DESC
RZ305639,1,1,1,1,ingangsDatum,DESC
RY588333,1,1,1,1,ingangsDatum,DESC
RW617276,1,1,1,1,ingangsDatum,DESC
RX345633,1,1,1,1,ingangsDatum,DESC
IC251726,1,1,1,1,ingangsDatum,DESC
RU102441,1,1,1,1,ingangsDatum,DESC
RO681110,1,1,1,1,ingangsDatum,DESC
